service_date,fold,train_end_date,train_size,model,actual,prediction,absolute_error
2024-01-20,1,2024-01-14,104,Extra Trees,134.000000,124.201667,9.798333
2024-01-21,1,2024-01-14,104,Extra Trees,139.000000,153.798750,14.798750
2024-01-27,1,2024-01-14,104,Extra Trees,122.000000,113.041250,8.958750
2024-01-28,1,2024-01-14,104,Extra Trees,142.000000,153.121667,11.121667
2024-02-03,1,2024-01-14,104,Extra Trees,98.000000,109.390000,11.390000
2024-02-04,1,2024-01-14,104,Extra Trees,125.000000,123.591667,1.408333
2024-02-10,1,2024-01-14,104,Extra Trees,145.000000,116.048750,28.951250
2024-02-11,1,2024-01-14,104,Extra Trees,141.000000,137.932083,3.067917
2024-02-17,1,2024-01-14,104,Extra Trees,118.000000,118.451250,0.451250
2024-02-18,1,2024-01-14,104,Extra Trees,148.000000,148.086250,0.086250
2024-02-24,1,2024-01-14,104,Extra Trees,112.000000,109.143333,2.856667
2024-02-25,1,2024-01-14,104,Extra Trees,160.000000,145.732917,14.267083
2024-03-02,1,2024-01-14,104,Extra Trees,112.000000,115.537500,3.537500
2024-03-03,1,2024-01-14,104,Extra Trees,140.000000,123.342917,16.657083
2024-03-09,1,2024-01-14,104,Extra Trees,109.000000,123.473889,14.473889
2024-03-10,1,2024-01-14,104,Extra Trees,139.000000,145.948750,6.948750
2024-03-16,1,2024-01-14,104,Extra Trees,138.000000,120.086597,17.913403
2024-03-17,1,2024-01-14,104,Extra Trees,157.000000,147.182917,9.817083
2024-03-23,1,2024-01-14,104,Extra Trees,75.000000,106.447292,31.447292
2024-03-24,1,2024-01-14,104,Extra Trees,175.000000,147.734750,27.265250
2024-03-30,1,2024-01-14,104,Extra Trees,150.000000,112.594583,37.405417
2024-03-31,1,2024-01-14,104,Extra Trees,168.000000,148.392083,19.607917
2024-04-06,1,2024-01-14,104,Extra Trees,113.000000,118.860000,5.860000
2024-04-07,1,2024-01-14,104,Extra Trees,151.000000,135.208750,15.791250
2024-04-13,1,2024-01-14,104,Extra Trees,132.000000,120.805000,11.195000
2024-04-14,1,2024-01-14,104,Extra Trees,171.000000,154.558125,16.441875
2024-04-20,1,2024-01-14,104,Extra Trees,151.000000,134.718419,16.281581
2024-04-21,1,2024-01-14,104,Extra Trees,190.000000,158.559125,31.440875
2024-04-27,1,2024-01-14,104,Extra Trees,112.000000,118.844583,6.844583
2024-04-28,1,2024-01-14,104,Extra Trees,180.000000,161.961250,18.038750
2024-05-04,1,2024-01-14,104,Extra Trees,115.000000,126.264603,11.264603
2024-05-05,1,2024-01-14,104,Extra Trees,134.000000,138.026250,4.026250
2024-05-11,1,2024-01-14,104,Extra Trees,136.000000,128.691964,7.308036
2024-05-12,1,2024-01-14,104,Extra Trees,147.000000,171.262542,24.262542
2024-05-18,1,2024-01-14,104,Extra Trees,150.000000,138.959792,11.040208
2024-05-19,1,2024-01-14,104,Extra Trees,180.000000,172.022292,7.977708
2024-05-25,1,2024-01-14,104,Extra Trees,110.000000,125.680833,15.680833
2024-05-26,1,2024-01-14,104,Extra Trees,173.000000,177.665417,4.665417
2024-06-01,1,2024-01-14,104,Extra Trees,135.000000,125.059812,9.940188
2024-06-02,1,2024-01-14,104,Extra Trees,145.000000,142.085000,2.915000
2024-06-08,1,2024-01-14,104,Extra Trees,131.000000,137.379861,6.379861
2024-06-09,1,2024-01-14,104,Extra Trees,146.000000,163.770583,17.770583
2024-06-15,1,2024-01-14,104,Extra Trees,121.000000,149.800139,28.800139
2024-06-16,1,2024-01-14,104,Extra Trees,154.000000,176.061667,22.061667
2024-06-22,2,2024-06-16,148,Extra Trees,98.000000,125.047243,27.047243
2024-06-23,2,2024-06-16,148,Extra Trees,170.000000,170.264062,0.264062
2024-06-29,2,2024-06-16,148,Extra Trees,137.000000,130.138958,6.861042
2024-06-30,2,2024-06-16,148,Extra Trees,160.000000,164.869923,4.869923
2024-07-06,2,2024-06-16,148,Extra Trees,123.000000,128.943193,5.943193
2024-07-07,2,2024-06-16,148,Extra Trees,161.000000,147.618646,13.381354
2024-07-13,2,2024-06-16,148,Extra Trees,138.000000,133.073526,4.926474
2024-07-14,2,2024-06-16,148,Extra Trees,152.000000,167.383542,15.383542
2024-07-20,2,2024-06-16,148,Extra Trees,132.000000,139.386878,7.386878
2024-07-21,2,2024-06-16,148,Extra Trees,161.000000,172.097667,11.097667
2024-07-27,2,2024-06-16,148,Extra Trees,137.000000,128.040354,8.959646
2024-07-28,2,2024-06-16,148,Extra Trees,176.000000,177.954500,1.954500
2024-08-03,2,2024-06-16,148,Extra Trees,130.000000,131.651002,1.651002
2024-08-04,2,2024-06-16,148,Extra Trees,154.000000,150.896667,3.103333
2024-08-10,2,2024-06-16,148,Extra Trees,140.000000,133.038919,6.961081
2024-08-11,2,2024-06-16,148,Extra Trees,169.000000,160.996417,8.003583
2024-08-17,2,2024-06-16,148,Extra Trees,160.000000,145.351667,14.648333
2024-08-18,2,2024-06-16,148,Extra Trees,162.000000,182.314958,20.314958
2024-08-24,2,2024-06-16,148,Extra Trees,141.000000,108.345833,32.654167
2024-08-25,2,2024-06-16,148,Extra Trees,199.000000,184.195375,14.804625
2024-08-31,2,2024-06-16,148,Extra Trees,142.000000,130.751437,11.248563
2024-09-01,2,2024-06-16,148,Extra Trees,150.000000,155.319583,5.319583
2024-09-07,2,2024-06-16,148,Extra Trees,150.000000,125.433164,24.566836
2024-09-08,2,2024-06-16,148,Extra Trees,184.000000,165.072917,18.927083
2024-09-14,2,2024-06-16,148,Extra Trees,154.000000,130.585750,23.414250
2024-09-15,2,2024-06-16,148,Extra Trees,173.000000,174.502875,1.502875
2024-09-21,2,2024-06-16,148,Extra Trees,135.000000,130.147417,4.852583
2024-09-22,2,2024-06-16,148,Extra Trees,190.000000,183.594208,6.405792
2024-09-28,2,2024-06-16,148,Extra Trees,135.000000,129.640253,5.359747
2024-09-29,2,2024-06-16,148,Extra Trees,212.000000,186.264792,25.735208
2024-10-05,2,2024-06-16,148,Extra Trees,151.000000,119.128646,31.871354
2024-10-06,2,2024-06-16,148,Extra Trees,171.000000,155.740833,15.259167
2024-10-12,2,2024-06-16,148,Extra Trees,145.000000,118.401375,26.598625
2024-10-13,2,2024-06-16,148,Extra Trees,176.000000,171.034542,4.965458
2024-10-19,2,2024-06-16,148,Extra Trees,137.000000,137.544812,0.544812
2024-10-20,2,2024-06-16,148,Extra Trees,191.000000,182.770875,8.229125
2024-10-26,2,2024-06-16,148,Extra Trees,148.000000,130.718785,17.281215
2024-10-27,2,2024-06-16,148,Extra Trees,205.000000,183.922375,21.077625
2024-11-02,2,2024-06-16,148,Extra Trees,128.000000,123.993458,4.006542
2024-11-03,2,2024-06-16,148,Extra Trees,183.000000,154.424167,28.575833
2024-11-09,2,2024-06-16,148,Extra Trees,134.000000,123.765646,10.234354
2024-11-10,2,2024-06-16,148,Extra Trees,179.000000,162.858750,16.141250
2024-11-16,2,2024-06-16,148,Extra Trees,147.000000,140.529878,6.470122
2024-11-17,2,2024-06-16,148,Extra Trees,183.000000,182.586792,0.413208
2024-11-23,3,2024-11-17,192,Extra Trees,125.000000,132.207152,7.207152
2024-11-24,3,2024-11-17,192,Extra Trees,200.000000,193.969679,6.030321
2024-11-30,3,2024-11-17,192,Extra Trees,122.000000,134.737154,12.737154
2024-12-01,3,2024-11-17,192,Extra Trees,168.000000,153.701250,14.298750
2024-12-07,3,2024-11-17,192,Extra Trees,122.000000,126.080429,4.080429
2024-12-08,3,2024-11-17,192,Extra Trees,166.000000,152.671479,13.328521
2024-12-14,3,2024-11-17,192,Extra Trees,138.000000,130.294054,7.705946
2024-12-15,3,2024-11-17,192,Extra Trees,203.000000,162.637994,40.362006
2024-12-21,3,2024-11-17,192,Extra Trees,123.000000,135.532908,12.532908
2024-12-22,3,2024-11-17,192,Extra Trees,195.000000,183.597313,11.402687
2024-12-28,3,2024-11-17,192,Extra Trees,135.000000,124.582030,10.417970
2024-12-29,3,2024-11-17,192,Extra Trees,186.000000,180.700750,5.299250
2025-01-04,3,2024-11-17,192,Extra Trees,126.000000,117.551354,8.448646
2025-01-05,3,2024-11-17,192,Extra Trees,168.000000,148.360512,19.639488
2025-01-11,3,2024-11-17,192,Extra Trees,122.000000,123.549241,1.549241
2025-01-12,3,2024-11-17,192,Extra Trees,166.000000,150.095063,15.904937
2025-01-18,3,2024-11-17,192,Extra Trees,112.000000,122.149028,10.149028
2025-01-19,3,2024-11-17,192,Extra Trees,161.000000,157.666167,3.333833
2025-01-25,3,2024-11-17,192,Extra Trees,90.000000,118.019632,28.019632
2025-01-26,3,2024-11-17,192,Extra Trees,175.000000,156.040000,18.960000
2025-02-01,3,2024-11-17,192,Extra Trees,120.000000,122.961250,2.961250
2025-02-02,3,2024-11-17,192,Extra Trees,133.000000,137.696788,4.696788
2025-02-08,3,2024-11-17,192,Extra Trees,107.000000,121.031741,14.031741
2025-02-09,3,2024-11-17,192,Extra Trees,122.000000,143.033625,21.033625
2025-02-15,3,2024-11-17,192,Extra Trees,118.000000,128.716167,10.716167
2025-02-16,3,2024-11-17,192,Extra Trees,115.000000,138.473333,23.473333
2025-02-22,3,2024-11-17,192,Extra Trees,112.000000,110.688155,1.311845
2025-02-23,3,2024-11-17,192,Extra Trees,151.000000,140.877500,10.122500
2025-03-01,3,2024-11-17,192,Extra Trees,102.000000,118.102821,16.102821
2025-03-02,3,2024-11-17,192,Extra Trees,150.000000,132.084580,17.915420
2025-03-08,3,2024-11-17,192,Extra Trees,119.000000,121.887458,2.887458
2025-03-09,3,2024-11-17,192,Extra Trees,147.000000,144.676375,2.323625
2025-03-15,3,2024-11-17,192,Extra Trees,125.000000,118.003199,6.996801
2025-03-16,3,2024-11-17,192,Extra Trees,156.000000,151.823438,4.176562
2025-03-22,3,2024-11-17,192,Extra Trees,117.000000,107.821333,9.178667
2025-03-23,3,2024-11-17,192,Extra Trees,170.000000,161.816226,8.183774
2025-03-29,3,2024-11-17,192,Extra Trees,134.000000,120.953382,13.046618
2025-03-30,3,2024-11-17,192,Extra Trees,171.000000,163.700750,7.299250
2025-04-05,3,2024-11-17,192,Extra Trees,135.000000,120.252542,14.747458
2025-04-06,3,2024-11-17,192,Extra Trees,169.000000,150.868679,18.131321
2025-04-12,3,2024-11-17,192,Extra Trees,123.000000,126.790352,3.790352
2025-04-13,3,2024-11-17,192,Extra Trees,190.000000,162.299455,27.700545
2025-04-19,3,2024-11-17,192,Extra Trees,146.000000,132.783469,13.216531
2025-04-20,4,2025-04-19,235,Extra Trees,174.000000,183.996265,9.996265
2025-04-26,4,2025-04-19,235,Extra Trees,121.000000,119.272019,1.727981
2025-04-27,4,2025-04-19,235,Extra Trees,190.000000,183.081406,6.918594
2025-05-03,4,2025-04-19,235,Extra Trees,132.000000,126.015421,5.984579
2025-05-04,4,2025-04-19,235,Extra Trees,156.000000,158.584759,2.584759
2025-05-10,4,2025-04-19,235,Extra Trees,130.000000,131.372552,1.372552
2025-05-11,4,2025-04-19,235,Extra Trees,156.000000,160.884073,4.884073
2025-05-17,4,2025-04-19,235,Extra Trees,141.000000,140.126278,0.873722
2025-05-18,4,2025-04-19,235,Extra Trees,178.000000,173.662371,4.337629
2025-05-24,4,2025-04-19,235,Extra Trees,130.000000,120.004124,9.995876
2025-05-25,4,2025-04-19,235,Extra Trees,192.000000,181.462253,10.537747
2025-05-31,4,2025-04-19,235,Extra Trees,116.000000,130.497209,14.497209
2025-06-01,4,2025-04-19,235,Extra Trees,176.000000,159.497000,16.503000
2025-06-07,4,2025-04-19,235,Extra Trees,93.000000,126.597180,33.597180
2025-06-08,4,2025-04-19,235,Extra Trees,190.000000,163.078802,26.921198
2025-06-14,4,2025-04-19,235,Extra Trees,139.000000,128.494240,10.505760
2025-06-15,4,2025-04-19,235,Extra Trees,186.000000,176.695443,9.304557
2025-06-21,4,2025-04-19,235,Extra Trees,125.000000,133.259272,8.259272
2025-06-22,4,2025-04-19,235,Extra Trees,190.000000,190.251283,0.251283
2025-06-28,4,2025-04-19,235,Extra Trees,140.000000,130.617731,9.382269
2025-06-29,4,2025-04-19,235,Extra Trees,177.000000,190.365134,13.365134
2025-07-05,4,2025-04-19,235,Extra Trees,145.000000,131.998448,13.001552
2025-07-06,4,2025-04-19,235,Extra Trees,182.000000,159.356625,22.643375
2025-07-12,4,2025-04-19,235,Extra Trees,118.000000,135.003324,17.003324
2025-07-13,4,2025-04-19,235,Extra Trees,172.000000,175.672625,3.672625
2025-07-19,4,2025-04-19,235,Extra Trees,159.000000,135.692770,23.307230
2025-07-20,4,2025-04-19,235,Extra Trees,192.000000,183.198343,8.801657
2025-07-26,4,2025-04-19,235,Extra Trees,123.000000,120.837115,2.162885
2025-07-27,4,2025-04-19,235,Extra Trees,215.000000,196.396072,18.603928
2025-08-02,4,2025-04-19,235,Extra Trees,134.000000,130.314404,3.685596
2025-08-03,4,2025-04-19,235,Extra Trees,186.000000,167.625958,18.374042
2025-08-09,4,2025-04-19,235,Extra Trees,135.000000,136.394534,1.394534
2025-08-10,4,2025-04-19,235,Extra Trees,190.000000,168.718917,21.281083
2025-08-16,4,2025-04-19,235,Extra Trees,141.000000,139.678346,1.321654
2025-08-17,4,2025-04-19,235,Extra Trees,172.000000,183.757468,11.757468
2025-08-23,4,2025-04-19,235,Extra Trees,139.000000,134.977393,4.022607
2025-08-24,4,2025-04-19,235,Extra Trees,200.000000,195.015585,4.984415
2025-08-30,4,2025-04-19,235,Extra Trees,130.000000,138.349968,8.349968
2025-08-31,4,2025-04-19,235,Extra Trees,194.000000,193.668432,0.331568
2025-09-06,4,2025-04-19,235,Extra Trees,122.000000,137.192519,15.192519
2025-09-07,4,2025-04-19,235,Extra Trees,178.000000,160.491304,17.508696
2025-09-13,4,2025-04-19,235,Extra Trees,117.000000,131.900225,14.900225
2025-09-14,4,2025-04-19,235,Extra Trees,184.000000,167.697100,16.302900
2025-09-20,5,2025-09-14,278,Extra Trees,155.000000,130.786518,24.213482
2025-09-21,5,2025-09-14,278,Extra Trees,197.000000,188.472011,8.527989
2025-09-27,5,2025-09-14,278,Extra Trees,139.000000,125.814144,13.185856
2025-09-28,5,2025-09-14,278,Extra Trees,222.000000,202.727396,19.272604
2025-10-04,5,2025-09-14,278,Extra Trees,124.000000,131.854264,7.854264
2025-10-05,5,2025-09-14,278,Extra Trees,189.000000,178.822472,10.177528
2025-10-11,5,2025-09-14,278,Extra Trees,137.000000,127.853509,9.146491
2025-10-12,5,2025-09-14,278,Extra Trees,189.000000,181.387859,7.612141
2025-10-18,5,2025-09-14,278,Extra Trees,165.000000,136.965879,28.034121
2025-10-19,5,2025-09-14,278,Extra Trees,194.000000,181.099130,12.900870
2025-10-25,5,2025-09-14,278,Extra Trees,128.000000,122.862167,5.137833
2025-10-26,5,2025-09-14,278,Extra Trees,220.000000,202.262688,17.737312
2025-11-01,5,2025-09-14,278,Extra Trees,118.000000,131.032477,13.032477
2025-11-02,5,2025-09-14,278,Extra Trees,192.000000,177.169556,14.830444
2025-11-08,5,2025-09-14,278,Extra Trees,123.000000,123.616098,0.616098
2025-11-09,5,2025-09-14,278,Extra Trees,195.000000,179.349615,15.650385
2025-11-15,5,2025-09-14,278,Extra Trees,119.000000,131.934405,12.934405
2025-11-16,5,2025-09-14,278,Extra Trees,189.000000,182.585793,6.414207
2025-11-22,5,2025-09-14,278,Extra Trees,99.000000,127.269626,28.269626
2025-11-23,5,2025-09-14,278,Extra Trees,148.000000,179.415716,31.415716
2025-11-29,5,2025-09-14,278,Extra Trees,99.000000,122.927909,23.927909
2025-11-30,5,2025-09-14,278,Extra Trees,135.000000,166.345465,31.345465
2025-12-06,5,2025-09-14,278,Extra Trees,101.000000,123.235206,22.235206
2025-12-07,5,2025-09-14,278,Extra Trees,151.000000,140.794583,10.205417
2025-12-13,5,2025-09-14,278,Extra Trees,93.000000,128.619648,35.619648
2025-12-14,5,2025-09-14,278,Extra Trees,121.000000,157.327042,36.327042
2025-12-20,5,2025-09-14,278,Extra Trees,113.000000,129.809711,16.809711
2025-12-21,5,2025-09-14,278,Extra Trees,178.000000,149.857708,28.142292
2025-12-27,5,2025-09-14,278,Extra Trees,88.000000,127.157388,39.157388
2025-12-28,5,2025-09-14,278,Extra Trees,177.000000,164.600625,12.399375
2026-01-03,5,2025-09-14,278,Extra Trees,109.000000,120.833944,11.833944
2026-01-04,5,2025-09-14,278,Extra Trees,142.000000,136.064750,5.935250
2026-01-10,5,2025-09-14,278,Extra Trees,100.000000,115.295831,15.295831
2026-01-11,5,2025-09-14,278,Extra Trees,158.000000,138.545131,19.454869
2026-01-17,5,2025-09-14,278,Extra Trees,67.000000,119.745305,52.745305
2026-01-18,5,2025-09-14,278,Extra Trees,106.000000,154.539732,48.539732
2026-01-24,5,2025-09-14,278,Extra Trees,100.000000,118.229167,18.229167
2026-01-31,5,2025-09-14,278,Extra Trees,73.000000,117.646018,44.646018
2026-02-01,5,2025-09-14,278,Extra Trees,142.000000,125.032917,16.967083
2026-02-07,5,2025-09-14,278,Extra Trees,85.000000,118.042635,33.042635
2026-02-08,5,2025-09-14,278,Extra Trees,153.000000,132.266625,20.733375
2026-02-14,5,2025-09-14,278,Extra Trees,100.000000,122.711236,22.711236
2026-02-15,5,2025-09-14,278,Extra Trees,111.000000,139.805446,28.805446
2024-01-20,1,2024-01-14,104,Gradient Boosting,134.000000,133.221147,0.778853
2024-01-21,1,2024-01-14,104,Gradient Boosting,139.000000,164.206097,25.206097
2024-01-27,1,2024-01-14,104,Gradient Boosting,122.000000,111.524457,10.475543
2024-01-28,1,2024-01-14,104,Gradient Boosting,142.000000,147.197871,5.197871
2024-02-03,1,2024-01-14,104,Gradient Boosting,98.000000,102.584518,4.584518
2024-02-04,1,2024-01-14,104,Gradient Boosting,125.000000,115.342556,9.657444
2024-02-10,1,2024-01-14,104,Gradient Boosting,145.000000,110.743204,34.256796
2024-02-11,1,2024-01-14,104,Gradient Boosting,141.000000,125.807653,15.192347
2024-02-17,1,2024-01-14,104,Gradient Boosting,118.000000,122.206705,4.206705
2024-02-18,1,2024-01-14,104,Gradient Boosting,148.000000,146.278578,1.721422
2024-02-24,1,2024-01-14,104,Gradient Boosting,112.000000,114.634255,2.634255
2024-02-25,1,2024-01-14,104,Gradient Boosting,160.000000,141.082028,18.917972
2024-03-02,1,2024-01-14,104,Gradient Boosting,112.000000,104.735526,7.264474
2024-03-03,1,2024-01-14,104,Gradient Boosting,140.000000,119.523994,20.476006
2024-03-09,1,2024-01-14,104,Gradient Boosting,109.000000,120.845849,11.845849
2024-03-10,1,2024-01-14,104,Gradient Boosting,139.000000,141.890261,2.890261
2024-03-16,1,2024-01-14,104,Gradient Boosting,138.000000,124.578981,13.421019
2024-03-17,1,2024-01-14,104,Gradient Boosting,157.000000,140.196214,16.803786
2024-03-23,1,2024-01-14,104,Gradient Boosting,75.000000,113.440761,38.440761
2024-03-24,1,2024-01-14,104,Gradient Boosting,175.000000,139.668145,35.331855
2024-03-30,1,2024-01-14,104,Gradient Boosting,150.000000,113.434016,36.565984
2024-03-31,1,2024-01-14,104,Gradient Boosting,168.000000,156.650090,11.349910
2024-04-06,1,2024-01-14,104,Gradient Boosting,113.000000,118.546582,5.546582
2024-04-07,1,2024-01-14,104,Gradient Boosting,151.000000,138.760638,12.239362
2024-04-13,1,2024-01-14,104,Gradient Boosting,132.000000,124.007850,7.992150
2024-04-14,1,2024-01-14,104,Gradient Boosting,171.000000,164.788042,6.211958
2024-04-20,1,2024-01-14,104,Gradient Boosting,151.000000,136.628512,14.371488
2024-04-21,1,2024-01-14,104,Gradient Boosting,190.000000,171.473413,18.526587
2024-04-27,1,2024-01-14,104,Gradient Boosting,112.000000,121.738029,9.738029
2024-04-28,1,2024-01-14,104,Gradient Boosting,180.000000,169.788329,10.211671
2024-05-04,1,2024-01-14,104,Gradient Boosting,115.000000,114.089190,0.910810
2024-05-05,1,2024-01-14,104,Gradient Boosting,134.000000,141.248652,7.248652
2024-05-11,1,2024-01-14,104,Gradient Boosting,136.000000,130.766013,5.233987
2024-05-12,1,2024-01-14,104,Gradient Boosting,147.000000,172.319969,25.319969
2024-05-18,1,2024-01-14,104,Gradient Boosting,150.000000,132.232181,17.767819
2024-05-19,1,2024-01-14,104,Gradient Boosting,180.000000,160.812849,19.187151
2024-05-25,1,2024-01-14,104,Gradient Boosting,110.000000,131.093213,21.093213
2024-05-26,1,2024-01-14,104,Gradient Boosting,173.000000,160.737148,12.262852
2024-06-01,1,2024-01-14,104,Gradient Boosting,135.000000,124.510518,10.489482
2024-06-02,1,2024-01-14,104,Gradient Boosting,145.000000,143.104684,1.895316
2024-06-08,1,2024-01-14,104,Gradient Boosting,131.000000,139.823332,8.823332
2024-06-09,1,2024-01-14,104,Gradient Boosting,146.000000,158.347294,12.347294
2024-06-15,1,2024-01-14,104,Gradient Boosting,121.000000,133.008805,12.008805
2024-06-16,1,2024-01-14,104,Gradient Boosting,154.000000,183.065516,29.065516
2024-06-22,2,2024-06-16,148,Gradient Boosting,98.000000,131.673816,33.673816
2024-06-23,2,2024-06-16,148,Gradient Boosting,170.000000,166.269106,3.730894
2024-06-29,2,2024-06-16,148,Gradient Boosting,137.000000,130.668436,6.331564
2024-06-30,2,2024-06-16,148,Gradient Boosting,160.000000,167.684984,7.684984
2024-07-06,2,2024-06-16,148,Gradient Boosting,123.000000,137.216800,14.216800
2024-07-07,2,2024-06-16,148,Gradient Boosting,161.000000,153.165797,7.834203
2024-07-13,2,2024-06-16,148,Gradient Boosting,138.000000,139.775317,1.775317
2024-07-14,2,2024-06-16,148,Gradient Boosting,152.000000,175.199493,23.199493
2024-07-20,2,2024-06-16,148,Gradient Boosting,132.000000,137.194894,5.194894
2024-07-21,2,2024-06-16,148,Gradient Boosting,161.000000,167.252756,6.252756
2024-07-27,2,2024-06-16,148,Gradient Boosting,137.000000,137.455503,0.455503
2024-07-28,2,2024-06-16,148,Gradient Boosting,176.000000,181.325967,5.325967
2024-08-03,2,2024-06-16,148,Gradient Boosting,130.000000,131.230284,1.230284
2024-08-04,2,2024-06-16,148,Gradient Boosting,154.000000,157.194392,3.194392
2024-08-10,2,2024-06-16,148,Gradient Boosting,140.000000,146.313478,6.313478
2024-08-11,2,2024-06-16,148,Gradient Boosting,169.000000,173.939035,4.939035
2024-08-17,2,2024-06-16,148,Gradient Boosting,160.000000,149.915888,10.084112
2024-08-18,2,2024-06-16,148,Gradient Boosting,162.000000,181.490091,19.490091
2024-08-24,2,2024-06-16,148,Gradient Boosting,141.000000,117.559032,23.440968
2024-08-25,2,2024-06-16,148,Gradient Boosting,199.000000,172.900537,26.099463
2024-08-31,2,2024-06-16,148,Gradient Boosting,142.000000,137.455349,4.544651
2024-09-01,2,2024-06-16,148,Gradient Boosting,150.000000,145.719050,4.280950
2024-09-07,2,2024-06-16,148,Gradient Boosting,150.000000,130.381186,19.618814
2024-09-08,2,2024-06-16,148,Gradient Boosting,184.000000,166.668165,17.331835
2024-09-14,2,2024-06-16,148,Gradient Boosting,154.000000,132.083843,21.916157
2024-09-15,2,2024-06-16,148,Gradient Boosting,173.000000,169.606868,3.393132
2024-09-21,2,2024-06-16,148,Gradient Boosting,135.000000,130.239485,4.760515
2024-09-22,2,2024-06-16,148,Gradient Boosting,190.000000,172.175759,17.824241
2024-09-28,2,2024-06-16,148,Gradient Boosting,135.000000,123.106582,11.893418
2024-09-29,2,2024-06-16,148,Gradient Boosting,212.000000,181.936792,30.063208
2024-10-05,2,2024-06-16,148,Gradient Boosting,151.000000,123.482687,27.517313
2024-10-06,2,2024-06-16,148,Gradient Boosting,171.000000,139.885901,31.114099
2024-10-12,2,2024-06-16,148,Gradient Boosting,145.000000,131.484232,13.515768
2024-10-13,2,2024-06-16,148,Gradient Boosting,176.000000,178.326362,2.326362
2024-10-19,2,2024-06-16,148,Gradient Boosting,137.000000,131.971360,5.028640
2024-10-20,2,2024-06-16,148,Gradient Boosting,191.000000,180.591426,10.408574
2024-10-26,2,2024-06-16,148,Gradient Boosting,148.000000,127.504076,20.495924
2024-10-27,2,2024-06-16,148,Gradient Boosting,205.000000,166.840744,38.159256
2024-11-02,2,2024-06-16,148,Gradient Boosting,128.000000,126.672525,1.327475
2024-11-03,2,2024-06-16,148,Gradient Boosting,183.000000,141.076795,41.923205
2024-11-09,2,2024-06-16,148,Gradient Boosting,134.000000,127.012945,6.987055
2024-11-10,2,2024-06-16,148,Gradient Boosting,179.000000,162.141773,16.858227
2024-11-16,2,2024-06-16,148,Gradient Boosting,147.000000,130.538440,16.461560
2024-11-17,2,2024-06-16,148,Gradient Boosting,183.000000,183.792174,0.792174
2024-11-23,3,2024-11-17,192,Gradient Boosting,125.000000,132.340508,7.340508
2024-11-24,3,2024-11-17,192,Gradient Boosting,200.000000,188.219082,11.780918
2024-11-30,3,2024-11-17,192,Gradient Boosting,122.000000,134.273057,12.273057
2024-12-01,3,2024-11-17,192,Gradient Boosting,168.000000,156.473790,11.526210
2024-12-07,3,2024-11-17,192,Gradient Boosting,122.000000,114.996950,7.003050
2024-12-08,3,2024-11-17,192,Gradient Boosting,166.000000,138.309268,27.690732
2024-12-14,3,2024-11-17,192,Gradient Boosting,138.000000,125.069921,12.930079
2024-12-15,3,2024-11-17,192,Gradient Boosting,203.000000,155.701655,47.298345
2024-12-21,3,2024-11-17,192,Gradient Boosting,123.000000,127.605204,4.605204
2024-12-22,3,2024-11-17,192,Gradient Boosting,195.000000,168.662896,26.337104
2024-12-28,3,2024-11-17,192,Gradient Boosting,135.000000,120.497790,14.502210
2024-12-29,3,2024-11-17,192,Gradient Boosting,186.000000,172.179921,13.820079
2025-01-04,3,2024-11-17,192,Gradient Boosting,126.000000,117.016894,8.983106
2025-01-05,3,2024-11-17,192,Gradient Boosting,168.000000,148.038993,19.961007
2025-01-11,3,2024-11-17,192,Gradient Boosting,122.000000,123.084952,1.084952
2025-01-12,3,2024-11-17,192,Gradient Boosting,166.000000,155.934835,10.065165
2025-01-18,3,2024-11-17,192,Gradient Boosting,112.000000,125.562601,13.562601
2025-01-19,3,2024-11-17,192,Gradient Boosting,161.000000,165.869061,4.869061
2025-01-25,3,2024-11-17,192,Gradient Boosting,90.000000,122.201384,32.201384
2025-01-26,3,2024-11-17,192,Gradient Boosting,175.000000,161.016947,13.983053
2025-02-01,3,2024-11-17,192,Gradient Boosting,120.000000,111.387969,8.612031
2025-02-02,3,2024-11-17,192,Gradient Boosting,133.000000,129.653384,3.346616
2025-02-08,3,2024-11-17,192,Gradient Boosting,107.000000,117.730382,10.730382
2025-02-09,3,2024-11-17,192,Gradient Boosting,122.000000,151.400500,29.400500
2025-02-15,3,2024-11-17,192,Gradient Boosting,118.000000,116.294550,1.705450
2025-02-16,3,2024-11-17,192,Gradient Boosting,115.000000,137.841911,22.841911
2025-02-22,3,2024-11-17,192,Gradient Boosting,112.000000,110.202199,1.797801
2025-02-23,3,2024-11-17,192,Gradient Boosting,151.000000,134.034967,16.965033
2025-03-01,3,2024-11-17,192,Gradient Boosting,102.000000,108.916327,6.916327
2025-03-02,3,2024-11-17,192,Gradient Boosting,150.000000,119.794831,30.205169
2025-03-08,3,2024-11-17,192,Gradient Boosting,119.000000,120.466821,1.466821
2025-03-09,3,2024-11-17,192,Gradient Boosting,147.000000,133.679803,13.320197
2025-03-15,3,2024-11-17,192,Gradient Boosting,125.000000,122.370326,2.629674
2025-03-16,3,2024-11-17,192,Gradient Boosting,156.000000,156.212115,0.212115
2025-03-22,3,2024-11-17,192,Gradient Boosting,117.000000,121.852971,4.852971
2025-03-23,3,2024-11-17,192,Gradient Boosting,170.000000,164.974949,5.025051
2025-03-29,3,2024-11-17,192,Gradient Boosting,134.000000,130.051198,3.948802
2025-03-30,3,2024-11-17,192,Gradient Boosting,171.000000,169.934111,1.065889
2025-04-05,3,2024-11-17,192,Gradient Boosting,135.000000,118.131285,16.868715
2025-04-06,3,2024-11-17,192,Gradient Boosting,169.000000,151.825351,17.174649
2025-04-12,3,2024-11-17,192,Gradient Boosting,123.000000,137.645804,14.645804
2025-04-13,3,2024-11-17,192,Gradient Boosting,190.000000,176.886323,13.113677
2025-04-19,3,2024-11-17,192,Gradient Boosting,146.000000,126.772383,19.227617
2025-04-20,4,2025-04-19,235,Gradient Boosting,174.000000,178.439382,4.439382
2025-04-26,4,2025-04-19,235,Gradient Boosting,121.000000,127.210321,6.210321
2025-04-27,4,2025-04-19,235,Gradient Boosting,190.000000,181.984968,8.015032
2025-05-03,4,2025-04-19,235,Gradient Boosting,132.000000,122.661739,9.338261
2025-05-04,4,2025-04-19,235,Gradient Boosting,156.000000,167.136596,11.136596
2025-05-10,4,2025-04-19,235,Gradient Boosting,130.000000,131.699960,1.699960
2025-05-11,4,2025-04-19,235,Gradient Boosting,156.000000,165.837170,9.837170
2025-05-17,4,2025-04-19,235,Gradient Boosting,141.000000,137.486467,3.513533
2025-05-18,4,2025-04-19,235,Gradient Boosting,178.000000,173.525914,4.474086
2025-05-24,4,2025-04-19,235,Gradient Boosting,130.000000,132.125479,2.125479
2025-05-25,4,2025-04-19,235,Gradient Boosting,192.000000,180.156934,11.843066
2025-05-31,4,2025-04-19,235,Gradient Boosting,116.000000,131.866233,15.866233
2025-06-01,4,2025-04-19,235,Gradient Boosting,176.000000,165.079077,10.920923
2025-06-07,4,2025-04-19,235,Gradient Boosting,93.000000,122.719295,29.719295
2025-06-08,4,2025-04-19,235,Gradient Boosting,190.000000,163.559420,26.440580
2025-06-14,4,2025-04-19,235,Gradient Boosting,139.000000,133.433445,5.566555
2025-06-15,4,2025-04-19,235,Gradient Boosting,186.000000,177.231730,8.768270
2025-06-21,4,2025-04-19,235,Gradient Boosting,125.000000,129.523307,4.523307
2025-06-22,4,2025-04-19,235,Gradient Boosting,190.000000,196.053370,6.053370
2025-06-28,4,2025-04-19,235,Gradient Boosting,140.000000,126.007540,13.992460
2025-06-29,4,2025-04-19,235,Gradient Boosting,177.000000,189.182822,12.182822
2025-07-05,4,2025-04-19,235,Gradient Boosting,145.000000,130.910779,14.089221
2025-07-06,4,2025-04-19,235,Gradient Boosting,182.000000,159.739838,22.260162
2025-07-12,4,2025-04-19,235,Gradient Boosting,118.000000,139.047988,21.047988
2025-07-13,4,2025-04-19,235,Gradient Boosting,172.000000,186.796541,14.796541
2025-07-19,4,2025-04-19,235,Gradient Boosting,159.000000,127.943102,31.056898
2025-07-20,4,2025-04-19,235,Gradient Boosting,192.000000,188.278864,3.721136
2025-07-26,4,2025-04-19,235,Gradient Boosting,123.000000,125.986017,2.986017
2025-07-27,4,2025-04-19,235,Gradient Boosting,215.000000,197.649146,17.350854
2025-08-02,4,2025-04-19,235,Gradient Boosting,134.000000,128.389507,5.610493
2025-08-03,4,2025-04-19,235,Gradient Boosting,186.000000,167.241835,18.758165
2025-08-09,4,2025-04-19,235,Gradient Boosting,135.000000,133.154651,1.845349
2025-08-10,4,2025-04-19,235,Gradient Boosting,190.000000,168.171651,21.828349
2025-08-16,4,2025-04-19,235,Gradient Boosting,141.000000,137.247242,3.752758
2025-08-17,4,2025-04-19,235,Gradient Boosting,172.000000,186.329582,14.329582
2025-08-23,4,2025-04-19,235,Gradient Boosting,139.000000,134.943149,4.056851
2025-08-24,4,2025-04-19,235,Gradient Boosting,200.000000,188.270957,11.729043
2025-08-30,4,2025-04-19,235,Gradient Boosting,130.000000,135.809712,5.809712
2025-08-31,4,2025-04-19,235,Gradient Boosting,194.000000,180.322498,13.677502
2025-09-06,4,2025-04-19,235,Gradient Boosting,122.000000,136.457086,14.457086
2025-09-07,4,2025-04-19,235,Gradient Boosting,178.000000,173.826944,4.173056
2025-09-13,4,2025-04-19,235,Gradient Boosting,117.000000,132.765501,15.765501
2025-09-14,4,2025-04-19,235,Gradient Boosting,184.000000,176.628007,7.371993
2025-09-20,5,2025-09-14,278,Gradient Boosting,155.000000,130.186900,24.813100
2025-09-21,5,2025-09-14,278,Gradient Boosting,197.000000,192.933725,4.066275
2025-09-27,5,2025-09-14,278,Gradient Boosting,139.000000,125.860473,13.139527
2025-09-28,5,2025-09-14,278,Gradient Boosting,222.000000,191.371317,30.628683
2025-10-04,5,2025-09-14,278,Gradient Boosting,124.000000,129.677490,5.677490
2025-10-05,5,2025-09-14,278,Gradient Boosting,189.000000,176.861984,12.138016
2025-10-11,5,2025-09-14,278,Gradient Boosting,137.000000,133.368395,3.631605
2025-10-12,5,2025-09-14,278,Gradient Boosting,189.000000,179.138306,9.861694
2025-10-18,5,2025-09-14,278,Gradient Boosting,165.000000,136.225650,28.774350
2025-10-19,5,2025-09-14,278,Gradient Boosting,194.000000,180.036225,13.963775
2025-10-25,5,2025-09-14,278,Gradient Boosting,128.000000,125.243782,2.756218
2025-10-26,5,2025-09-14,278,Gradient Boosting,220.000000,194.276782,25.723218
2025-11-01,5,2025-09-14,278,Gradient Boosting,118.000000,130.099530,12.099530
2025-11-02,5,2025-09-14,278,Gradient Boosting,192.000000,176.006228,15.993772
2025-11-08,5,2025-09-14,278,Gradient Boosting,123.000000,128.970520,5.970520
2025-11-09,5,2025-09-14,278,Gradient Boosting,195.000000,182.342454,12.657546
2025-11-15,5,2025-09-14,278,Gradient Boosting,119.000000,136.882749,17.882749
2025-11-16,5,2025-09-14,278,Gradient Boosting,189.000000,188.733679,0.266321
2025-11-22,5,2025-09-14,278,Gradient Boosting,99.000000,125.867806,26.867806
2025-11-23,5,2025-09-14,278,Gradient Boosting,148.000000,185.286284,37.286284
2025-11-29,5,2025-09-14,278,Gradient Boosting,99.000000,128.226856,29.226856
2025-11-30,5,2025-09-14,278,Gradient Boosting,135.000000,175.560933,40.560933
2025-12-06,5,2025-09-14,278,Gradient Boosting,101.000000,123.194127,22.194127
2025-12-07,5,2025-09-14,278,Gradient Boosting,151.000000,146.573022,4.426978
2025-12-13,5,2025-09-14,278,Gradient Boosting,93.000000,137.203116,44.203116
2025-12-14,5,2025-09-14,278,Gradient Boosting,121.000000,153.953444,32.953444
2025-12-20,5,2025-09-14,278,Gradient Boosting,113.000000,136.203276,23.203276
2025-12-21,5,2025-09-14,278,Gradient Boosting,178.000000,137.430292,40.569708
2025-12-27,5,2025-09-14,278,Gradient Boosting,88.000000,127.420709,39.420709
2025-12-28,5,2025-09-14,278,Gradient Boosting,177.000000,155.951631,21.048369
2026-01-03,5,2025-09-14,278,Gradient Boosting,109.000000,119.084821,10.084821
2026-01-04,5,2025-09-14,278,Gradient Boosting,142.000000,144.801405,2.801405
2026-01-10,5,2025-09-14,278,Gradient Boosting,100.000000,118.242360,18.242360
2026-01-11,5,2025-09-14,278,Gradient Boosting,158.000000,151.404615,6.595385
2026-01-17,5,2025-09-14,278,Gradient Boosting,67.000000,123.332961,56.332961
2026-01-18,5,2025-09-14,278,Gradient Boosting,106.000000,157.866786,51.866786
2026-01-24,5,2025-09-14,278,Gradient Boosting,100.000000,118.924857,18.924857
2026-01-31,5,2025-09-14,278,Gradient Boosting,73.000000,118.045942,45.045942
2026-02-01,5,2025-09-14,278,Gradient Boosting,142.000000,126.280971,15.719029
2026-02-07,5,2025-09-14,278,Gradient Boosting,85.000000,111.337204,26.337204
2026-02-08,5,2025-09-14,278,Gradient Boosting,153.000000,138.979247,14.020753
2026-02-14,5,2025-09-14,278,Gradient Boosting,100.000000,119.555014,19.555014
2026-02-15,5,2025-09-14,278,Gradient Boosting,111.000000,138.331892,27.331892
2024-01-20,1,2024-01-14,104,HistGradientBoostingRegressor,134.000000,138.988044,4.988044
2024-01-21,1,2024-01-14,104,HistGradientBoostingRegressor,139.000000,165.468526,26.468526
2024-01-27,1,2024-01-14,104,HistGradientBoostingRegressor,122.000000,124.453306,2.453306
2024-01-28,1,2024-01-14,104,HistGradientBoostingRegressor,142.000000,146.806409,4.806409
2024-02-03,1,2024-01-14,104,HistGradientBoostingRegressor,98.000000,98.161147,0.161147
2024-02-04,1,2024-01-14,104,HistGradientBoostingRegressor,125.000000,113.564925,11.435075
2024-02-10,1,2024-01-14,104,HistGradientBoostingRegressor,145.000000,117.772170,27.227830
2024-02-11,1,2024-01-14,104,HistGradientBoostingRegressor,141.000000,127.487405,13.512595
2024-02-17,1,2024-01-14,104,HistGradientBoostingRegressor,118.000000,122.703300,4.703300
2024-02-18,1,2024-01-14,104,HistGradientBoostingRegressor,148.000000,145.336450,2.663550
2024-02-24,1,2024-01-14,104,HistGradientBoostingRegressor,112.000000,116.366392,4.366392
2024-02-25,1,2024-01-14,104,HistGradientBoostingRegressor,160.000000,130.159323,29.840677
2024-03-02,1,2024-01-14,104,HistGradientBoostingRegressor,112.000000,104.340784,7.659216
2024-03-03,1,2024-01-14,104,HistGradientBoostingRegressor,140.000000,109.626389,30.373611
2024-03-09,1,2024-01-14,104,HistGradientBoostingRegressor,109.000000,118.612629,9.612629
2024-03-10,1,2024-01-14,104,HistGradientBoostingRegressor,139.000000,133.393434,5.606566
2024-03-16,1,2024-01-14,104,HistGradientBoostingRegressor,138.000000,120.219611,17.780389
2024-03-17,1,2024-01-14,104,HistGradientBoostingRegressor,157.000000,129.055222,27.944778
2024-03-23,1,2024-01-14,104,HistGradientBoostingRegressor,75.000000,104.592093,29.592093
2024-03-24,1,2024-01-14,104,HistGradientBoostingRegressor,175.000000,141.114668,33.885332
2024-03-30,1,2024-01-14,104,HistGradientBoostingRegressor,150.000000,118.068310,31.931690
2024-03-31,1,2024-01-14,104,HistGradientBoostingRegressor,168.000000,160.247588,7.752412
2024-04-06,1,2024-01-14,104,HistGradientBoostingRegressor,113.000000,108.721099,4.278901
2024-04-07,1,2024-01-14,104,HistGradientBoostingRegressor,151.000000,143.231481,7.768519
2024-04-13,1,2024-01-14,104,HistGradientBoostingRegressor,132.000000,114.015691,17.984309
2024-04-14,1,2024-01-14,104,HistGradientBoostingRegressor,171.000000,156.960665,14.039335
2024-04-20,1,2024-01-14,104,HistGradientBoostingRegressor,151.000000,140.317914,10.682086
2024-04-21,1,2024-01-14,104,HistGradientBoostingRegressor,190.000000,174.439780,15.560220
2024-04-27,1,2024-01-14,104,HistGradientBoostingRegressor,112.000000,120.965403,8.965403
2024-04-28,1,2024-01-14,104,HistGradientBoostingRegressor,180.000000,173.560080,6.439920
2024-05-04,1,2024-01-14,104,HistGradientBoostingRegressor,115.000000,112.498148,2.501852
2024-05-05,1,2024-01-14,104,HistGradientBoostingRegressor,134.000000,138.240322,4.240322
2024-05-11,1,2024-01-14,104,HistGradientBoostingRegressor,136.000000,129.943010,6.056990
2024-05-12,1,2024-01-14,104,HistGradientBoostingRegressor,147.000000,169.321666,22.321666
2024-05-18,1,2024-01-14,104,HistGradientBoostingRegressor,150.000000,133.706932,16.293068
2024-05-19,1,2024-01-14,104,HistGradientBoostingRegressor,180.000000,156.462753,23.537247
2024-05-25,1,2024-01-14,104,HistGradientBoostingRegressor,110.000000,134.060569,24.060569
2024-05-26,1,2024-01-14,104,HistGradientBoostingRegressor,173.000000,166.082655,6.917345
2024-06-01,1,2024-01-14,104,HistGradientBoostingRegressor,135.000000,112.973813,22.026187
2024-06-02,1,2024-01-14,104,HistGradientBoostingRegressor,145.000000,136.330023,8.669977
2024-06-08,1,2024-01-14,104,HistGradientBoostingRegressor,131.000000,134.879748,3.879748
2024-06-09,1,2024-01-14,104,HistGradientBoostingRegressor,146.000000,143.675805,2.324195
2024-06-15,1,2024-01-14,104,HistGradientBoostingRegressor,121.000000,139.231828,18.231828
2024-06-16,1,2024-01-14,104,HistGradientBoostingRegressor,154.000000,177.433707,23.433707
2024-06-22,2,2024-06-16,148,HistGradientBoostingRegressor,98.000000,131.504665,33.504665
2024-06-23,2,2024-06-16,148,HistGradientBoostingRegressor,170.000000,173.551717,3.551717
2024-06-29,2,2024-06-16,148,HistGradientBoostingRegressor,137.000000,132.381113,4.618887
2024-06-30,2,2024-06-16,148,HistGradientBoostingRegressor,160.000000,163.335244,3.335244
2024-07-06,2,2024-06-16,148,HistGradientBoostingRegressor,123.000000,137.202756,14.202756
2024-07-07,2,2024-06-16,148,HistGradientBoostingRegressor,161.000000,153.863148,7.136852
2024-07-13,2,2024-06-16,148,HistGradientBoostingRegressor,138.000000,141.493524,3.493524
2024-07-14,2,2024-06-16,148,HistGradientBoostingRegressor,152.000000,183.394042,31.394042
2024-07-20,2,2024-06-16,148,HistGradientBoostingRegressor,132.000000,136.723639,4.723639
2024-07-21,2,2024-06-16,148,HistGradientBoostingRegressor,161.000000,173.903907,12.903907
2024-07-27,2,2024-06-16,148,HistGradientBoostingRegressor,137.000000,140.440421,3.440421
2024-07-28,2,2024-06-16,148,HistGradientBoostingRegressor,176.000000,183.511260,7.511260
2024-08-03,2,2024-06-16,148,HistGradientBoostingRegressor,130.000000,128.777478,1.222522
2024-08-04,2,2024-06-16,148,HistGradientBoostingRegressor,154.000000,156.429812,2.429812
2024-08-10,2,2024-06-16,148,HistGradientBoostingRegressor,140.000000,140.934758,0.934758
2024-08-11,2,2024-06-16,148,HistGradientBoostingRegressor,169.000000,184.390445,15.390445
2024-08-17,2,2024-06-16,148,HistGradientBoostingRegressor,160.000000,157.165241,2.834759
2024-08-18,2,2024-06-16,148,HistGradientBoostingRegressor,162.000000,180.822854,18.822854
2024-08-24,2,2024-06-16,148,HistGradientBoostingRegressor,141.000000,109.935524,31.064476
2024-08-25,2,2024-06-16,148,HistGradientBoostingRegressor,199.000000,184.128587,14.871413
2024-08-31,2,2024-06-16,148,HistGradientBoostingRegressor,142.000000,133.356568,8.643432
2024-09-01,2,2024-06-16,148,HistGradientBoostingRegressor,150.000000,140.464600,9.535400
2024-09-07,2,2024-06-16,148,HistGradientBoostingRegressor,150.000000,127.412198,22.587802
2024-09-08,2,2024-06-16,148,HistGradientBoostingRegressor,184.000000,159.985419,24.014581
2024-09-14,2,2024-06-16,148,HistGradientBoostingRegressor,154.000000,126.882832,27.117168
2024-09-15,2,2024-06-16,148,HistGradientBoostingRegressor,173.000000,165.411464,7.588536
2024-09-21,2,2024-06-16,148,HistGradientBoostingRegressor,135.000000,131.168275,3.831725
2024-09-22,2,2024-06-16,148,HistGradientBoostingRegressor,190.000000,179.947183,10.052817
2024-09-28,2,2024-06-16,148,HistGradientBoostingRegressor,135.000000,133.717625,1.282375
2024-09-29,2,2024-06-16,148,HistGradientBoostingRegressor,212.000000,187.039762,24.960238
2024-10-05,2,2024-06-16,148,HistGradientBoostingRegressor,151.000000,119.748803,31.251197
2024-10-06,2,2024-06-16,148,HistGradientBoostingRegressor,171.000000,140.275010,30.724990
2024-10-12,2,2024-06-16,148,HistGradientBoostingRegressor,145.000000,118.281586,26.718414
2024-10-13,2,2024-06-16,148,HistGradientBoostingRegressor,176.000000,174.052515,1.947485
2024-10-19,2,2024-06-16,148,HistGradientBoostingRegressor,137.000000,126.380870,10.619130
2024-10-20,2,2024-06-16,148,HistGradientBoostingRegressor,191.000000,177.426919,13.573081
2024-10-26,2,2024-06-16,148,HistGradientBoostingRegressor,148.000000,138.198464,9.801536
2024-10-27,2,2024-06-16,148,HistGradientBoostingRegressor,205.000000,175.403002,29.596998
2024-11-02,2,2024-06-16,148,HistGradientBoostingRegressor,128.000000,117.394545,10.605455
2024-11-03,2,2024-06-16,148,HistGradientBoostingRegressor,183.000000,137.493363,45.506637
2024-11-09,2,2024-06-16,148,HistGradientBoostingRegressor,134.000000,109.905442,24.094558
2024-11-10,2,2024-06-16,148,HistGradientBoostingRegressor,179.000000,154.287735,24.712265
2024-11-16,2,2024-06-16,148,HistGradientBoostingRegressor,147.000000,136.635894,10.364106
2024-11-17,2,2024-06-16,148,HistGradientBoostingRegressor,183.000000,188.263592,5.263592
2024-11-23,3,2024-11-17,192,HistGradientBoostingRegressor,125.000000,125.454516,0.454516
2024-11-24,3,2024-11-17,192,HistGradientBoostingRegressor,200.000000,191.044614,8.955386
2024-11-30,3,2024-11-17,192,HistGradientBoostingRegressor,122.000000,128.665312,6.665312
2024-12-01,3,2024-11-17,192,HistGradientBoostingRegressor,168.000000,159.218685,8.781315
2024-12-07,3,2024-11-17,192,HistGradientBoostingRegressor,122.000000,107.182540,14.817460
2024-12-08,3,2024-11-17,192,HistGradientBoostingRegressor,166.000000,152.354267,13.645733
2024-12-14,3,2024-11-17,192,HistGradientBoostingRegressor,138.000000,122.176975,15.823025
2024-12-15,3,2024-11-17,192,HistGradientBoostingRegressor,203.000000,170.342593,32.657407
2024-12-21,3,2024-11-17,192,HistGradientBoostingRegressor,123.000000,136.173352,13.173352
2024-12-22,3,2024-11-17,192,HistGradientBoostingRegressor,195.000000,190.417184,4.582816
2024-12-28,3,2024-11-17,192,HistGradientBoostingRegressor,135.000000,129.414480,5.585520
2024-12-29,3,2024-11-17,192,HistGradientBoostingRegressor,186.000000,183.170443,2.829557
2025-01-04,3,2024-11-17,192,HistGradientBoostingRegressor,126.000000,125.536245,0.463755
2025-01-05,3,2024-11-17,192,HistGradientBoostingRegressor,168.000000,145.384283,22.615717
2025-01-11,3,2024-11-17,192,HistGradientBoostingRegressor,122.000000,133.342910,11.342910
2025-01-12,3,2024-11-17,192,HistGradientBoostingRegressor,166.000000,157.517041,8.482959
2025-01-18,3,2024-11-17,192,HistGradientBoostingRegressor,112.000000,131.062357,19.062357
2025-01-19,3,2024-11-17,192,HistGradientBoostingRegressor,161.000000,171.733599,10.733599
2025-01-25,3,2024-11-17,192,HistGradientBoostingRegressor,90.000000,118.625394,28.625394
2025-01-26,3,2024-11-17,192,HistGradientBoostingRegressor,175.000000,165.768655,9.231345
2025-02-01,3,2024-11-17,192,HistGradientBoostingRegressor,120.000000,99.175730,20.824270
2025-02-02,3,2024-11-17,192,HistGradientBoostingRegressor,133.000000,132.315744,0.684256
2025-02-08,3,2024-11-17,192,HistGradientBoostingRegressor,107.000000,109.937963,2.937963
2025-02-09,3,2024-11-17,192,HistGradientBoostingRegressor,122.000000,142.931856,20.931856
2025-02-15,3,2024-11-17,192,HistGradientBoostingRegressor,118.000000,114.989597,3.010403
2025-02-16,3,2024-11-17,192,HistGradientBoostingRegressor,115.000000,138.184367,23.184367
2025-02-22,3,2024-11-17,192,HistGradientBoostingRegressor,112.000000,109.836665,2.163335
2025-02-23,3,2024-11-17,192,HistGradientBoostingRegressor,151.000000,130.995153,20.004847
2025-03-01,3,2024-11-17,192,HistGradientBoostingRegressor,102.000000,106.162353,4.162353
2025-03-02,3,2024-11-17,192,HistGradientBoostingRegressor,150.000000,126.558122,23.441878
2025-03-08,3,2024-11-17,192,HistGradientBoostingRegressor,119.000000,115.716218,3.283782
2025-03-09,3,2024-11-17,192,HistGradientBoostingRegressor,147.000000,134.887849,12.112151
2025-03-15,3,2024-11-17,192,HistGradientBoostingRegressor,125.000000,114.643289,10.356711
2025-03-16,3,2024-11-17,192,HistGradientBoostingRegressor,156.000000,148.324256,7.675744
2025-03-22,3,2024-11-17,192,HistGradientBoostingRegressor,117.000000,101.118483,15.881517
2025-03-23,3,2024-11-17,192,HistGradientBoostingRegressor,170.000000,163.621105,6.378895
2025-03-29,3,2024-11-17,192,HistGradientBoostingRegressor,134.000000,131.665102,2.334898
2025-03-30,3,2024-11-17,192,HistGradientBoostingRegressor,171.000000,160.403748,10.596252
2025-04-05,3,2024-11-17,192,HistGradientBoostingRegressor,135.000000,128.594128,6.405872
2025-04-06,3,2024-11-17,192,HistGradientBoostingRegressor,169.000000,149.613954,19.386046
2025-04-12,3,2024-11-17,192,HistGradientBoostingRegressor,123.000000,145.312364,22.312364
2025-04-13,3,2024-11-17,192,HistGradientBoostingRegressor,190.000000,177.346452,12.653548
2025-04-19,3,2024-11-17,192,HistGradientBoostingRegressor,146.000000,128.958810,17.041190
2025-04-20,4,2025-04-19,235,HistGradientBoostingRegressor,174.000000,183.528717,9.528717
2025-04-26,4,2025-04-19,235,HistGradientBoostingRegressor,121.000000,124.518399,3.518399
2025-04-27,4,2025-04-19,235,HistGradientBoostingRegressor,190.000000,186.043614,3.956386
2025-05-03,4,2025-04-19,235,HistGradientBoostingRegressor,132.000000,124.449980,7.550020
2025-05-04,4,2025-04-19,235,HistGradientBoostingRegressor,156.000000,165.956439,9.956439
2025-05-10,4,2025-04-19,235,HistGradientBoostingRegressor,130.000000,130.111087,0.111087
2025-05-11,4,2025-04-19,235,HistGradientBoostingRegressor,156.000000,161.774933,5.774933
2025-05-17,4,2025-04-19,235,HistGradientBoostingRegressor,141.000000,142.678656,1.678656
2025-05-18,4,2025-04-19,235,HistGradientBoostingRegressor,178.000000,180.337395,2.337395
2025-05-24,4,2025-04-19,235,HistGradientBoostingRegressor,130.000000,129.407739,0.592261
2025-05-25,4,2025-04-19,235,HistGradientBoostingRegressor,192.000000,183.492991,8.507009
2025-05-31,4,2025-04-19,235,HistGradientBoostingRegressor,116.000000,137.380308,21.380308
2025-06-01,4,2025-04-19,235,HistGradientBoostingRegressor,176.000000,167.665288,8.334712
2025-06-07,4,2025-04-19,235,HistGradientBoostingRegressor,93.000000,124.093292,31.093292
2025-06-08,4,2025-04-19,235,HistGradientBoostingRegressor,190.000000,166.709820,23.290180
2025-06-14,4,2025-04-19,235,HistGradientBoostingRegressor,139.000000,137.379763,1.620237
2025-06-15,4,2025-04-19,235,HistGradientBoostingRegressor,186.000000,172.476402,13.523598
2025-06-21,4,2025-04-19,235,HistGradientBoostingRegressor,125.000000,139.963321,14.963321
2025-06-22,4,2025-04-19,235,HistGradientBoostingRegressor,190.000000,191.148123,1.148123
2025-06-28,4,2025-04-19,235,HistGradientBoostingRegressor,140.000000,141.346712,1.346712
2025-06-29,4,2025-04-19,235,HistGradientBoostingRegressor,177.000000,196.106792,19.106792
2025-07-05,4,2025-04-19,235,HistGradientBoostingRegressor,145.000000,130.723988,14.276012
2025-07-06,4,2025-04-19,235,HistGradientBoostingRegressor,182.000000,160.876620,21.123380
2025-07-12,4,2025-04-19,235,HistGradientBoostingRegressor,118.000000,137.182040,19.182040
2025-07-13,4,2025-04-19,235,HistGradientBoostingRegressor,172.000000,187.442235,15.442235
2025-07-19,4,2025-04-19,235,HistGradientBoostingRegressor,159.000000,141.861065,17.138935
2025-07-20,4,2025-04-19,235,HistGradientBoostingRegressor,192.000000,192.146222,0.146222
2025-07-26,4,2025-04-19,235,HistGradientBoostingRegressor,123.000000,120.195045,2.804955
2025-07-27,4,2025-04-19,235,HistGradientBoostingRegressor,215.000000,197.769283,17.230717
2025-08-02,4,2025-04-19,235,HistGradientBoostingRegressor,134.000000,137.029084,3.029084
2025-08-03,4,2025-04-19,235,HistGradientBoostingRegressor,186.000000,169.939337,16.060663
2025-08-09,4,2025-04-19,235,HistGradientBoostingRegressor,135.000000,130.746377,4.253623
2025-08-10,4,2025-04-19,235,HistGradientBoostingRegressor,190.000000,170.593254,19.406746
2025-08-16,4,2025-04-19,235,HistGradientBoostingRegressor,141.000000,146.490644,5.490644
2025-08-17,4,2025-04-19,235,HistGradientBoostingRegressor,172.000000,184.368556,12.368556
2025-08-23,4,2025-04-19,235,HistGradientBoostingRegressor,139.000000,137.236666,1.763334
2025-08-24,4,2025-04-19,235,HistGradientBoostingRegressor,200.000000,194.643096,5.356904
2025-08-30,4,2025-04-19,235,HistGradientBoostingRegressor,130.000000,142.809787,12.809787
2025-08-31,4,2025-04-19,235,HistGradientBoostingRegressor,194.000000,189.902622,4.097378
2025-09-06,4,2025-04-19,235,HistGradientBoostingRegressor,122.000000,137.986148,15.986148
2025-09-07,4,2025-04-19,235,HistGradientBoostingRegressor,178.000000,163.421785,14.578215
2025-09-13,4,2025-04-19,235,HistGradientBoostingRegressor,117.000000,139.818519,22.818519
2025-09-14,4,2025-04-19,235,HistGradientBoostingRegressor,184.000000,174.170528,9.829472
2025-09-20,5,2025-09-14,278,HistGradientBoostingRegressor,155.000000,125.872804,29.127196
2025-09-21,5,2025-09-14,278,HistGradientBoostingRegressor,197.000000,193.769515,3.230485
2025-09-27,5,2025-09-14,278,HistGradientBoostingRegressor,139.000000,122.886679,16.113321
2025-09-28,5,2025-09-14,278,HistGradientBoostingRegressor,222.000000,199.795054,22.204946
2025-10-04,5,2025-09-14,278,HistGradientBoostingRegressor,124.000000,133.521557,9.521557
2025-10-05,5,2025-09-14,278,HistGradientBoostingRegressor,189.000000,177.194639,11.805361
2025-10-11,5,2025-09-14,278,HistGradientBoostingRegressor,137.000000,127.406599,9.593401
2025-10-12,5,2025-09-14,278,HistGradientBoostingRegressor,189.000000,178.990994,10.009006
2025-10-18,5,2025-09-14,278,HistGradientBoostingRegressor,165.000000,142.415642,22.584358
2025-10-19,5,2025-09-14,278,HistGradientBoostingRegressor,194.000000,183.378871,10.621129
2025-10-25,5,2025-09-14,278,HistGradientBoostingRegressor,128.000000,117.298868,10.701132
2025-10-26,5,2025-09-14,278,HistGradientBoostingRegressor,220.000000,197.821902,22.178098
2025-11-01,5,2025-09-14,278,HistGradientBoostingRegressor,118.000000,137.075513,19.075513
2025-11-02,5,2025-09-14,278,HistGradientBoostingRegressor,192.000000,172.532044,19.467956
2025-11-08,5,2025-09-14,278,HistGradientBoostingRegressor,123.000000,125.575536,2.575536
2025-11-09,5,2025-09-14,278,HistGradientBoostingRegressor,195.000000,183.641447,11.358553
2025-11-15,5,2025-09-14,278,HistGradientBoostingRegressor,119.000000,136.596311,17.596311
2025-11-16,5,2025-09-14,278,HistGradientBoostingRegressor,189.000000,182.575914,6.424086
2025-11-22,5,2025-09-14,278,HistGradientBoostingRegressor,99.000000,125.129139,26.129139
2025-11-23,5,2025-09-14,278,HistGradientBoostingRegressor,148.000000,183.748964,35.748964
2025-11-29,5,2025-09-14,278,HistGradientBoostingRegressor,99.000000,120.154664,21.154664
2025-11-30,5,2025-09-14,278,HistGradientBoostingRegressor,135.000000,169.687820,34.687820
2025-12-06,5,2025-09-14,278,HistGradientBoostingRegressor,101.000000,116.360401,15.360401
2025-12-07,5,2025-09-14,278,HistGradientBoostingRegressor,151.000000,140.088653,10.911347
2025-12-13,5,2025-09-14,278,HistGradientBoostingRegressor,93.000000,129.636135,36.636135
2025-12-14,5,2025-09-14,278,HistGradientBoostingRegressor,121.000000,153.147225,32.147225
2025-12-20,5,2025-09-14,278,HistGradientBoostingRegressor,113.000000,145.838836,32.838836
2025-12-21,5,2025-09-14,278,HistGradientBoostingRegressor,178.000000,138.599043,39.400957
2025-12-27,5,2025-09-14,278,HistGradientBoostingRegressor,88.000000,130.498689,42.498689
2025-12-28,5,2025-09-14,278,HistGradientBoostingRegressor,177.000000,158.327436,18.672564
2026-01-03,5,2025-09-14,278,HistGradientBoostingRegressor,109.000000,121.482220,12.482220
2026-01-04,5,2025-09-14,278,HistGradientBoostingRegressor,142.000000,131.830803,10.169197
2026-01-10,5,2025-09-14,278,HistGradientBoostingRegressor,100.000000,115.223461,15.223461
2026-01-11,5,2025-09-14,278,HistGradientBoostingRegressor,158.000000,157.301502,0.698498
2026-01-17,5,2025-09-14,278,HistGradientBoostingRegressor,67.000000,114.782628,47.782628
2026-01-18,5,2025-09-14,278,HistGradientBoostingRegressor,106.000000,161.744594,55.744594
2026-01-24,5,2025-09-14,278,HistGradientBoostingRegressor,100.000000,131.820460,31.820460
2026-01-31,5,2025-09-14,278,HistGradientBoostingRegressor,73.000000,128.448143,55.448143
2026-02-01,5,2025-09-14,278,HistGradientBoostingRegressor,142.000000,126.257536,15.742464
2026-02-07,5,2025-09-14,278,HistGradientBoostingRegressor,85.000000,110.292796,25.292796
2026-02-08,5,2025-09-14,278,HistGradientBoostingRegressor,153.000000,134.086996,18.913004
2026-02-14,5,2025-09-14,278,HistGradientBoostingRegressor,100.000000,116.007282,16.007282
2026-02-15,5,2025-09-14,278,HistGradientBoostingRegressor,111.000000,132.757778,21.757778
2024-01-20,1,2024-01-14,104,Historical Average,134.000000,122.150943,11.849057
2024-01-21,1,2024-01-14,104,Historical Average,139.000000,156.372549,17.372549
2024-01-27,1,2024-01-14,104,Historical Average,122.000000,122.150943,0.150943
2024-01-28,1,2024-01-14,104,Historical Average,142.000000,156.372549,14.372549
2024-02-03,1,2024-01-14,104,Historical Average,98.000000,122.150943,24.150943
2024-02-04,1,2024-01-14,104,Historical Average,125.000000,156.372549,31.372549
2024-02-10,1,2024-01-14,104,Historical Average,145.000000,122.150943,22.849057
2024-02-11,1,2024-01-14,104,Historical Average,141.000000,156.372549,15.372549
2024-02-17,1,2024-01-14,104,Historical Average,118.000000,122.150943,4.150943
2024-02-18,1,2024-01-14,104,Historical Average,148.000000,156.372549,8.372549
2024-02-24,1,2024-01-14,104,Historical Average,112.000000,122.150943,10.150943
2024-02-25,1,2024-01-14,104,Historical Average,160.000000,156.372549,3.627451
2024-03-02,1,2024-01-14,104,Historical Average,112.000000,122.150943,10.150943
2024-03-03,1,2024-01-14,104,Historical Average,140.000000,156.372549,16.372549
2024-03-09,1,2024-01-14,104,Historical Average,109.000000,122.150943,13.150943
2024-03-10,1,2024-01-14,104,Historical Average,139.000000,156.372549,17.372549
2024-03-16,1,2024-01-14,104,Historical Average,138.000000,122.150943,15.849057
2024-03-17,1,2024-01-14,104,Historical Average,157.000000,156.372549,0.627451
2024-03-23,1,2024-01-14,104,Historical Average,75.000000,122.150943,47.150943
2024-03-24,1,2024-01-14,104,Historical Average,175.000000,156.372549,18.627451
2024-03-30,1,2024-01-14,104,Historical Average,150.000000,122.150943,27.849057
2024-03-31,1,2024-01-14,104,Historical Average,168.000000,156.372549,11.627451
2024-04-06,1,2024-01-14,104,Historical Average,113.000000,122.150943,9.150943
2024-04-07,1,2024-01-14,104,Historical Average,151.000000,156.372549,5.372549
2024-04-13,1,2024-01-14,104,Historical Average,132.000000,122.150943,9.849057
2024-04-14,1,2024-01-14,104,Historical Average,171.000000,156.372549,14.627451
2024-04-20,1,2024-01-14,104,Historical Average,151.000000,122.150943,28.849057
2024-04-21,1,2024-01-14,104,Historical Average,190.000000,156.372549,33.627451
2024-04-27,1,2024-01-14,104,Historical Average,112.000000,122.150943,10.150943
2024-04-28,1,2024-01-14,104,Historical Average,180.000000,156.372549,23.627451
2024-05-04,1,2024-01-14,104,Historical Average,115.000000,122.150943,7.150943
2024-05-05,1,2024-01-14,104,Historical Average,134.000000,156.372549,22.372549
2024-05-11,1,2024-01-14,104,Historical Average,136.000000,122.150943,13.849057
2024-05-12,1,2024-01-14,104,Historical Average,147.000000,156.372549,9.372549
2024-05-18,1,2024-01-14,104,Historical Average,150.000000,122.150943,27.849057
2024-05-19,1,2024-01-14,104,Historical Average,180.000000,156.372549,23.627451
2024-05-25,1,2024-01-14,104,Historical Average,110.000000,122.150943,12.150943
2024-05-26,1,2024-01-14,104,Historical Average,173.000000,156.372549,16.627451
2024-06-01,1,2024-01-14,104,Historical Average,135.000000,122.150943,12.849057
2024-06-02,1,2024-01-14,104,Historical Average,145.000000,156.372549,11.372549
2024-06-08,1,2024-01-14,104,Historical Average,131.000000,122.150943,8.849057
2024-06-09,1,2024-01-14,104,Historical Average,146.000000,156.372549,10.372549
2024-06-15,1,2024-01-14,104,Historical Average,121.000000,122.150943,1.150943
2024-06-16,1,2024-01-14,104,Historical Average,154.000000,156.372549,2.372549
2024-06-22,2,2024-06-16,148,Historical Average,98.000000,122.573333,24.573333
2024-06-23,2,2024-06-16,148,Historical Average,170.000000,155.890411,14.109589
2024-06-29,2,2024-06-16,148,Historical Average,137.000000,122.573333,14.426667
2024-06-30,2,2024-06-16,148,Historical Average,160.000000,155.890411,4.109589
2024-07-06,2,2024-06-16,148,Historical Average,123.000000,122.573333,0.426667
2024-07-07,2,2024-06-16,148,Historical Average,161.000000,155.890411,5.109589
2024-07-13,2,2024-06-16,148,Historical Average,138.000000,122.573333,15.426667
2024-07-14,2,2024-06-16,148,Historical Average,152.000000,155.890411,3.890411
2024-07-20,2,2024-06-16,148,Historical Average,132.000000,122.573333,9.426667
2024-07-21,2,2024-06-16,148,Historical Average,161.000000,155.890411,5.109589
2024-07-27,2,2024-06-16,148,Historical Average,137.000000,122.573333,14.426667
2024-07-28,2,2024-06-16,148,Historical Average,176.000000,155.890411,20.109589
2024-08-03,2,2024-06-16,148,Historical Average,130.000000,122.573333,7.426667
2024-08-04,2,2024-06-16,148,Historical Average,154.000000,155.890411,1.890411
2024-08-10,2,2024-06-16,148,Historical Average,140.000000,122.573333,17.426667
2024-08-11,2,2024-06-16,148,Historical Average,169.000000,155.890411,13.109589
2024-08-17,2,2024-06-16,148,Historical Average,160.000000,122.573333,37.426667
2024-08-18,2,2024-06-16,148,Historical Average,162.000000,155.890411,6.109589
2024-08-24,2,2024-06-16,148,Historical Average,141.000000,122.573333,18.426667
2024-08-25,2,2024-06-16,148,Historical Average,199.000000,155.890411,43.109589
2024-08-31,2,2024-06-16,148,Historical Average,142.000000,122.573333,19.426667
2024-09-01,2,2024-06-16,148,Historical Average,150.000000,155.890411,5.890411
2024-09-07,2,2024-06-16,148,Historical Average,150.000000,122.573333,27.426667
2024-09-08,2,2024-06-16,148,Historical Average,184.000000,155.890411,28.109589
2024-09-14,2,2024-06-16,148,Historical Average,154.000000,122.573333,31.426667
2024-09-15,2,2024-06-16,148,Historical Average,173.000000,155.890411,17.109589
2024-09-21,2,2024-06-16,148,Historical Average,135.000000,122.573333,12.426667
2024-09-22,2,2024-06-16,148,Historical Average,190.000000,155.890411,34.109589
2024-09-28,2,2024-06-16,148,Historical Average,135.000000,122.573333,12.426667
2024-09-29,2,2024-06-16,148,Historical Average,212.000000,155.890411,56.109589
2024-10-05,2,2024-06-16,148,Historical Average,151.000000,122.573333,28.426667
2024-10-06,2,2024-06-16,148,Historical Average,171.000000,155.890411,15.109589
2024-10-12,2,2024-06-16,148,Historical Average,145.000000,122.573333,22.426667
2024-10-13,2,2024-06-16,148,Historical Average,176.000000,155.890411,20.109589
2024-10-19,2,2024-06-16,148,Historical Average,137.000000,122.573333,14.426667
2024-10-20,2,2024-06-16,148,Historical Average,191.000000,155.890411,35.109589
2024-10-26,2,2024-06-16,148,Historical Average,148.000000,122.573333,25.426667
2024-10-27,2,2024-06-16,148,Historical Average,205.000000,155.890411,49.109589
2024-11-02,2,2024-06-16,148,Historical Average,128.000000,122.573333,5.426667
2024-11-03,2,2024-06-16,148,Historical Average,183.000000,155.890411,27.109589
2024-11-09,2,2024-06-16,148,Historical Average,134.000000,122.573333,11.426667
2024-11-10,2,2024-06-16,148,Historical Average,179.000000,155.890411,23.109589
2024-11-16,2,2024-06-16,148,Historical Average,147.000000,122.573333,24.426667
2024-11-17,2,2024-06-16,148,Historical Average,183.000000,155.890411,27.109589
2024-11-23,3,2024-11-17,192,Historical Average,125.000000,126.134021,1.134021
2024-11-24,3,2024-11-17,192,Historical Average,200.000000,160.431579,39.568421
2024-11-30,3,2024-11-17,192,Historical Average,122.000000,126.134021,4.134021
2024-12-01,3,2024-11-17,192,Historical Average,168.000000,160.431579,7.568421
2024-12-07,3,2024-11-17,192,Historical Average,122.000000,126.134021,4.134021
2024-12-08,3,2024-11-17,192,Historical Average,166.000000,160.431579,5.568421
2024-12-14,3,2024-11-17,192,Historical Average,138.000000,126.134021,11.865979
2024-12-15,3,2024-11-17,192,Historical Average,203.000000,160.431579,42.568421
2024-12-21,3,2024-11-17,192,Historical Average,123.000000,126.134021,3.134021
2024-12-22,3,2024-11-17,192,Historical Average,195.000000,160.431579,34.568421
2024-12-28,3,2024-11-17,192,Historical Average,135.000000,126.134021,8.865979
2024-12-29,3,2024-11-17,192,Historical Average,186.000000,160.431579,25.568421
2025-01-04,3,2024-11-17,192,Historical Average,126.000000,126.134021,0.134021
2025-01-05,3,2024-11-17,192,Historical Average,168.000000,160.431579,7.568421
2025-01-11,3,2024-11-17,192,Historical Average,122.000000,126.134021,4.134021
2025-01-12,3,2024-11-17,192,Historical Average,166.000000,160.431579,5.568421
2025-01-18,3,2024-11-17,192,Historical Average,112.000000,126.134021,14.134021
2025-01-19,3,2024-11-17,192,Historical Average,161.000000,160.431579,0.568421
2025-01-25,3,2024-11-17,192,Historical Average,90.000000,126.134021,36.134021
2025-01-26,3,2024-11-17,192,Historical Average,175.000000,160.431579,14.568421
2025-02-01,3,2024-11-17,192,Historical Average,120.000000,126.134021,6.134021
2025-02-02,3,2024-11-17,192,Historical Average,133.000000,160.431579,27.431579
2025-02-08,3,2024-11-17,192,Historical Average,107.000000,126.134021,19.134021
2025-02-09,3,2024-11-17,192,Historical Average,122.000000,160.431579,38.431579
2025-02-15,3,2024-11-17,192,Historical Average,118.000000,126.134021,8.134021
2025-02-16,3,2024-11-17,192,Historical Average,115.000000,160.431579,45.431579
2025-02-22,3,2024-11-17,192,Historical Average,112.000000,126.134021,14.134021
2025-02-23,3,2024-11-17,192,Historical Average,151.000000,160.431579,9.431579
2025-03-01,3,2024-11-17,192,Historical Average,102.000000,126.134021,24.134021
2025-03-02,3,2024-11-17,192,Historical Average,150.000000,160.431579,10.431579
2025-03-08,3,2024-11-17,192,Historical Average,119.000000,126.134021,7.134021
2025-03-09,3,2024-11-17,192,Historical Average,147.000000,160.431579,13.431579
2025-03-15,3,2024-11-17,192,Historical Average,125.000000,126.134021,1.134021
2025-03-16,3,2024-11-17,192,Historical Average,156.000000,160.431579,4.431579
2025-03-22,3,2024-11-17,192,Historical Average,117.000000,126.134021,9.134021
2025-03-23,3,2024-11-17,192,Historical Average,170.000000,160.431579,9.568421
2025-03-29,3,2024-11-17,192,Historical Average,134.000000,126.134021,7.865979
2025-03-30,3,2024-11-17,192,Historical Average,171.000000,160.431579,10.568421
2025-04-05,3,2024-11-17,192,Historical Average,135.000000,126.134021,8.865979
2025-04-06,3,2024-11-17,192,Historical Average,169.000000,160.431579,8.568421
2025-04-12,3,2024-11-17,192,Historical Average,123.000000,126.134021,3.134021
2025-04-13,3,2024-11-17,192,Historical Average,190.000000,160.431579,29.568421
2025-04-19,3,2024-11-17,192,Historical Average,146.000000,126.134021,19.865979
2025-04-20,4,2025-04-19,235,Historical Average,174.000000,161.232759,12.767241
2025-04-26,4,2025-04-19,235,Historical Average,121.000000,125.277311,4.277311
2025-04-27,4,2025-04-19,235,Historical Average,190.000000,161.232759,28.767241
2025-05-03,4,2025-04-19,235,Historical Average,132.000000,125.277311,6.722689
2025-05-04,4,2025-04-19,235,Historical Average,156.000000,161.232759,5.232759
2025-05-10,4,2025-04-19,235,Historical Average,130.000000,125.277311,4.722689
2025-05-11,4,2025-04-19,235,Historical Average,156.000000,161.232759,5.232759
2025-05-17,4,2025-04-19,235,Historical Average,141.000000,125.277311,15.722689
2025-05-18,4,2025-04-19,235,Historical Average,178.000000,161.232759,16.767241
2025-05-24,4,2025-04-19,235,Historical Average,130.000000,125.277311,4.722689
2025-05-25,4,2025-04-19,235,Historical Average,192.000000,161.232759,30.767241
2025-05-31,4,2025-04-19,235,Historical Average,116.000000,125.277311,9.277311
2025-06-01,4,2025-04-19,235,Historical Average,176.000000,161.232759,14.767241
2025-06-07,4,2025-04-19,235,Historical Average,93.000000,125.277311,32.277311
2025-06-08,4,2025-04-19,235,Historical Average,190.000000,161.232759,28.767241
2025-06-14,4,2025-04-19,235,Historical Average,139.000000,125.277311,13.722689
2025-06-15,4,2025-04-19,235,Historical Average,186.000000,161.232759,24.767241
2025-06-21,4,2025-04-19,235,Historical Average,125.000000,125.277311,0.277311
2025-06-22,4,2025-04-19,235,Historical Average,190.000000,161.232759,28.767241
2025-06-28,4,2025-04-19,235,Historical Average,140.000000,125.277311,14.722689
2025-06-29,4,2025-04-19,235,Historical Average,177.000000,161.232759,15.767241
2025-07-05,4,2025-04-19,235,Historical Average,145.000000,125.277311,19.722689
2025-07-06,4,2025-04-19,235,Historical Average,182.000000,161.232759,20.767241
2025-07-12,4,2025-04-19,235,Historical Average,118.000000,125.277311,7.277311
2025-07-13,4,2025-04-19,235,Historical Average,172.000000,161.232759,10.767241
2025-07-19,4,2025-04-19,235,Historical Average,159.000000,125.277311,33.722689
2025-07-20,4,2025-04-19,235,Historical Average,192.000000,161.232759,30.767241
2025-07-26,4,2025-04-19,235,Historical Average,123.000000,125.277311,2.277311
2025-07-27,4,2025-04-19,235,Historical Average,215.000000,161.232759,53.767241
2025-08-02,4,2025-04-19,235,Historical Average,134.000000,125.277311,8.722689
2025-08-03,4,2025-04-19,235,Historical Average,186.000000,161.232759,24.767241
2025-08-09,4,2025-04-19,235,Historical Average,135.000000,125.277311,9.722689
2025-08-10,4,2025-04-19,235,Historical Average,190.000000,161.232759,28.767241
2025-08-16,4,2025-04-19,235,Historical Average,141.000000,125.277311,15.722689
2025-08-17,4,2025-04-19,235,Historical Average,172.000000,161.232759,10.767241
2025-08-23,4,2025-04-19,235,Historical Average,139.000000,125.277311,13.722689
2025-08-24,4,2025-04-19,235,Historical Average,200.000000,161.232759,38.767241
2025-08-30,4,2025-04-19,235,Historical Average,130.000000,125.277311,4.722689
2025-08-31,4,2025-04-19,235,Historical Average,194.000000,161.232759,32.767241
2025-09-06,4,2025-04-19,235,Historical Average,122.000000,125.277311,3.277311
2025-09-07,4,2025-04-19,235,Historical Average,178.000000,161.232759,16.767241
2025-09-13,4,2025-04-19,235,Historical Average,117.000000,125.277311,8.277311
2025-09-14,4,2025-04-19,235,Historical Average,184.000000,161.232759,22.767241
2025-09-20,5,2025-09-14,278,Historical Average,155.000000,125.985714,29.014286
2025-09-21,5,2025-09-14,278,Historical Average,197.000000,164.731884,32.268116
2025-09-27,5,2025-09-14,278,Historical Average,139.000000,125.985714,13.014286
2025-09-28,5,2025-09-14,278,Historical Average,222.000000,164.731884,57.268116
2025-10-04,5,2025-09-14,278,Historical Average,124.000000,125.985714,1.985714
2025-10-05,5,2025-09-14,278,Historical Average,189.000000,164.731884,24.268116
2025-10-11,5,2025-09-14,278,Historical Average,137.000000,125.985714,11.014286
2025-10-12,5,2025-09-14,278,Historical Average,189.000000,164.731884,24.268116
2025-10-18,5,2025-09-14,278,Historical Average,165.000000,125.985714,39.014286
2025-10-19,5,2025-09-14,278,Historical Average,194.000000,164.731884,29.268116
2025-10-25,5,2025-09-14,278,Historical Average,128.000000,125.985714,2.014286
2025-10-26,5,2025-09-14,278,Historical Average,220.000000,164.731884,55.268116
2025-11-01,5,2025-09-14,278,Historical Average,118.000000,125.985714,7.985714
2025-11-02,5,2025-09-14,278,Historical Average,192.000000,164.731884,27.268116
2025-11-08,5,2025-09-14,278,Historical Average,123.000000,125.985714,2.985714
2025-11-09,5,2025-09-14,278,Historical Average,195.000000,164.731884,30.268116
2025-11-15,5,2025-09-14,278,Historical Average,119.000000,125.985714,6.985714
2025-11-16,5,2025-09-14,278,Historical Average,189.000000,164.731884,24.268116
2025-11-22,5,2025-09-14,278,Historical Average,99.000000,125.985714,26.985714
2025-11-23,5,2025-09-14,278,Historical Average,148.000000,164.731884,16.731884
2025-11-29,5,2025-09-14,278,Historical Average,99.000000,125.985714,26.985714
2025-11-30,5,2025-09-14,278,Historical Average,135.000000,164.731884,29.731884
2025-12-06,5,2025-09-14,278,Historical Average,101.000000,125.985714,24.985714
2025-12-07,5,2025-09-14,278,Historical Average,151.000000,164.731884,13.731884
2025-12-13,5,2025-09-14,278,Historical Average,93.000000,125.985714,32.985714
2025-12-14,5,2025-09-14,278,Historical Average,121.000000,164.731884,43.731884
2025-12-20,5,2025-09-14,278,Historical Average,113.000000,125.985714,12.985714
2025-12-21,5,2025-09-14,278,Historical Average,178.000000,164.731884,13.268116
2025-12-27,5,2025-09-14,278,Historical Average,88.000000,125.985714,37.985714
2025-12-28,5,2025-09-14,278,Historical Average,177.000000,164.731884,12.268116
2026-01-03,5,2025-09-14,278,Historical Average,109.000000,125.985714,16.985714
2026-01-04,5,2025-09-14,278,Historical Average,142.000000,164.731884,22.731884
2026-01-10,5,2025-09-14,278,Historical Average,100.000000,125.985714,25.985714
2026-01-11,5,2025-09-14,278,Historical Average,158.000000,164.731884,6.731884
2026-01-17,5,2025-09-14,278,Historical Average,67.000000,125.985714,58.985714
2026-01-18,5,2025-09-14,278,Historical Average,106.000000,164.731884,58.731884
2026-01-24,5,2025-09-14,278,Historical Average,100.000000,125.985714,25.985714
2026-01-31,5,2025-09-14,278,Historical Average,73.000000,125.985714,52.985714
2026-02-01,5,2025-09-14,278,Historical Average,142.000000,164.731884,22.731884
2026-02-07,5,2025-09-14,278,Historical Average,85.000000,125.985714,40.985714
2026-02-08,5,2025-09-14,278,Historical Average,153.000000,164.731884,11.731884
2026-02-14,5,2025-09-14,278,Historical Average,100.000000,125.985714,25.985714
2026-02-15,5,2025-09-14,278,Historical Average,111.000000,164.731884,53.731884
2024-01-20,1,2024-01-14,104,Random Forest,134.000000,130.647848,3.352152
2024-01-21,1,2024-01-14,104,Random Forest,139.000000,164.951267,25.951267
2024-01-27,1,2024-01-14,104,Random Forest,122.000000,123.786911,1.786911
2024-01-28,1,2024-01-14,104,Random Forest,142.000000,143.951642,1.951642
2024-02-03,1,2024-01-14,104,Random Forest,98.000000,114.830263,16.830263
2024-02-04,1,2024-01-14,104,Random Forest,125.000000,119.878881,5.121119
2024-02-10,1,2024-01-14,104,Random Forest,145.000000,117.372165,27.627835
2024-02-11,1,2024-01-14,104,Random Forest,141.000000,129.689983,11.310017
2024-02-17,1,2024-01-14,104,Random Forest,118.000000,128.283154,10.283154
2024-02-18,1,2024-01-14,104,Random Forest,148.000000,142.850795,5.149205
2024-02-24,1,2024-01-14,104,Random Forest,112.000000,121.141985,9.141985
2024-02-25,1,2024-01-14,104,Random Forest,160.000000,135.705999,24.294001
2024-03-02,1,2024-01-14,104,Random Forest,112.000000,115.498153,3.498153
2024-03-03,1,2024-01-14,104,Random Forest,140.000000,127.020381,12.979619
2024-03-09,1,2024-01-14,104,Random Forest,109.000000,122.572909,13.572909
2024-03-10,1,2024-01-14,104,Random Forest,139.000000,139.823432,0.823432
2024-03-16,1,2024-01-14,104,Random Forest,138.000000,120.613534,17.386466
2024-03-17,1,2024-01-14,104,Random Forest,157.000000,143.691997,13.308003
2024-03-23,1,2024-01-14,104,Random Forest,75.000000,117.606671,42.606671
2024-03-24,1,2024-01-14,104,Random Forest,175.000000,144.574820,30.425180
2024-03-30,1,2024-01-14,104,Random Forest,150.000000,115.872707,34.127293
2024-03-31,1,2024-01-14,104,Random Forest,168.000000,169.949235,1.949235
2024-04-06,1,2024-01-14,104,Random Forest,113.000000,122.335103,9.335103
2024-04-07,1,2024-01-14,104,Random Forest,151.000000,148.807340,2.192660
2024-04-13,1,2024-01-14,104,Random Forest,132.000000,120.753411,11.246589
2024-04-14,1,2024-01-14,104,Random Forest,171.000000,168.316310,2.683690
2024-04-20,1,2024-01-14,104,Random Forest,151.000000,137.858382,13.141618
2024-04-21,1,2024-01-14,104,Random Forest,190.000000,170.374535,19.625465
2024-04-27,1,2024-01-14,104,Random Forest,112.000000,128.308435,16.308435
2024-04-28,1,2024-01-14,104,Random Forest,180.000000,179.545890,0.454110
2024-05-04,1,2024-01-14,104,Random Forest,115.000000,123.526428,8.526428
2024-05-05,1,2024-01-14,104,Random Forest,134.000000,144.082915,10.082915
2024-05-11,1,2024-01-14,104,Random Forest,136.000000,127.621544,8.378456
2024-05-12,1,2024-01-14,104,Random Forest,147.000000,169.784917,22.784917
2024-05-18,1,2024-01-14,104,Random Forest,150.000000,132.949661,17.050339
2024-05-19,1,2024-01-14,104,Random Forest,180.000000,163.128335,16.871665
2024-05-25,1,2024-01-14,104,Random Forest,110.000000,135.330237,25.330237
2024-05-26,1,2024-01-14,104,Random Forest,173.000000,166.560676,6.439324
2024-06-01,1,2024-01-14,104,Random Forest,135.000000,122.063077,12.936923
2024-06-02,1,2024-01-14,104,Random Forest,145.000000,145.623333,0.623333
2024-06-08,1,2024-01-14,104,Random Forest,131.000000,134.146351,3.146351
2024-06-09,1,2024-01-14,104,Random Forest,146.000000,148.252082,2.252082
2024-06-15,1,2024-01-14,104,Random Forest,121.000000,134.532755,13.532755
2024-06-16,1,2024-01-14,104,Random Forest,154.000000,177.787628,23.787628
2024-06-22,2,2024-06-16,148,Random Forest,98.000000,129.659439,31.659439
2024-06-23,2,2024-06-16,148,Random Forest,170.000000,164.399631,5.600369
2024-06-29,2,2024-06-16,148,Random Forest,137.000000,132.393246,4.606754
2024-06-30,2,2024-06-16,148,Random Forest,160.000000,165.483980,5.483980
2024-07-06,2,2024-06-16,148,Random Forest,123.000000,128.463913,5.463913
2024-07-07,2,2024-06-16,148,Random Forest,161.000000,145.182517,15.817483
2024-07-13,2,2024-06-16,148,Random Forest,138.000000,134.762786,3.237214
2024-07-14,2,2024-06-16,148,Random Forest,152.000000,166.903484,14.903484
2024-07-20,2,2024-06-16,148,Random Forest,132.000000,131.064191,0.935809
2024-07-21,2,2024-06-16,148,Random Forest,161.000000,168.811310,7.811310
2024-07-27,2,2024-06-16,148,Random Forest,137.000000,129.152783,7.847217
2024-07-28,2,2024-06-16,148,Random Forest,176.000000,178.065010,2.065010
2024-08-03,2,2024-06-16,148,Random Forest,130.000000,130.617386,0.617386
2024-08-04,2,2024-06-16,148,Random Forest,154.000000,152.529302,1.470698
2024-08-10,2,2024-06-16,148,Random Forest,140.000000,134.058671,5.941329
2024-08-11,2,2024-06-16,148,Random Forest,169.000000,164.855646,4.144354
2024-08-17,2,2024-06-16,148,Random Forest,160.000000,139.042562,20.957438
2024-08-18,2,2024-06-16,148,Random Forest,162.000000,183.480734,21.480734
2024-08-24,2,2024-06-16,148,Random Forest,141.000000,111.223827,29.776173
2024-08-25,2,2024-06-16,148,Random Forest,199.000000,183.150055,15.849945
2024-08-31,2,2024-06-16,148,Random Forest,142.000000,141.994916,0.005084
2024-09-01,2,2024-06-16,148,Random Forest,150.000000,160.143088,10.143088
2024-09-07,2,2024-06-16,148,Random Forest,150.000000,133.582637,16.417363
2024-09-08,2,2024-06-16,148,Random Forest,184.000000,164.706990,19.293010
2024-09-14,2,2024-06-16,148,Random Forest,154.000000,135.822855,18.177145
2024-09-15,2,2024-06-16,148,Random Forest,173.000000,172.812421,0.187579
2024-09-21,2,2024-06-16,148,Random Forest,135.000000,133.666197,1.333803
2024-09-22,2,2024-06-16,148,Random Forest,190.000000,182.863736,7.136264
2024-09-28,2,2024-06-16,148,Random Forest,135.000000,137.126229,2.126229
2024-09-29,2,2024-06-16,148,Random Forest,212.000000,183.856918,28.143082
2024-10-05,2,2024-06-16,148,Random Forest,151.000000,125.659451,25.340549
2024-10-06,2,2024-06-16,148,Random Forest,171.000000,158.482297,12.517703
2024-10-12,2,2024-06-16,148,Random Forest,145.000000,123.567334,21.432666
2024-10-13,2,2024-06-16,148,Random Forest,176.000000,178.809424,2.809424
2024-10-19,2,2024-06-16,148,Random Forest,137.000000,131.312976,5.687024
2024-10-20,2,2024-06-16,148,Random Forest,191.000000,183.094603,7.905397
2024-10-26,2,2024-06-16,148,Random Forest,148.000000,136.835807,11.164193
2024-10-27,2,2024-06-16,148,Random Forest,205.000000,183.158348,21.841652
2024-11-02,2,2024-06-16,148,Random Forest,128.000000,123.015701,4.984299
2024-11-03,2,2024-06-16,148,Random Forest,183.000000,156.403148,26.596852
2024-11-09,2,2024-06-16,148,Random Forest,134.000000,126.522933,7.477067
2024-11-10,2,2024-06-16,148,Random Forest,179.000000,162.493535,16.506465
2024-11-16,2,2024-06-16,148,Random Forest,147.000000,132.617398,14.382602
2024-11-17,2,2024-06-16,148,Random Forest,183.000000,182.039142,0.960858
2024-11-23,3,2024-11-17,192,Random Forest,125.000000,133.274943,8.274943
2024-11-24,3,2024-11-17,192,Random Forest,200.000000,191.487856,8.512144
2024-11-30,3,2024-11-17,192,Random Forest,122.000000,133.015700,11.015700
2024-12-01,3,2024-11-17,192,Random Forest,168.000000,166.310596,1.689404
2024-12-07,3,2024-11-17,192,Random Forest,122.000000,120.903255,1.096745
2024-12-08,3,2024-11-17,192,Random Forest,166.000000,157.961258,8.038742
2024-12-14,3,2024-11-17,192,Random Forest,138.000000,129.158424,8.841576
2024-12-15,3,2024-11-17,192,Random Forest,203.000000,173.241095,29.758905
2024-12-21,3,2024-11-17,192,Random Forest,123.000000,133.070837,10.070837
2024-12-22,3,2024-11-17,192,Random Forest,195.000000,184.070586,10.929414
2024-12-28,3,2024-11-17,192,Random Forest,135.000000,126.732720,8.267280
2024-12-29,3,2024-11-17,192,Random Forest,186.000000,183.777871,2.222129
2025-01-04,3,2024-11-17,192,Random Forest,126.000000,126.577717,0.577717
2025-01-05,3,2024-11-17,192,Random Forest,168.000000,155.816956,12.183044
2025-01-11,3,2024-11-17,192,Random Forest,122.000000,129.554952,7.554952
2025-01-12,3,2024-11-17,192,Random Forest,166.000000,157.063749,8.936251
2025-01-18,3,2024-11-17,192,Random Forest,112.000000,125.965673,13.965673
2025-01-19,3,2024-11-17,192,Random Forest,161.000000,165.892088,4.892088
2025-01-25,3,2024-11-17,192,Random Forest,90.000000,123.130664,33.130664
2025-01-26,3,2024-11-17,192,Random Forest,175.000000,166.285764,8.714236
2025-02-01,3,2024-11-17,192,Random Forest,120.000000,114.362186,5.637814
2025-02-02,3,2024-11-17,192,Random Forest,133.000000,140.837015,7.837015
2025-02-08,3,2024-11-17,192,Random Forest,107.000000,117.917544,10.917544
2025-02-09,3,2024-11-17,192,Random Forest,122.000000,147.674742,25.674742
2025-02-15,3,2024-11-17,192,Random Forest,118.000000,118.139335,0.139335
2025-02-16,3,2024-11-17,192,Random Forest,115.000000,136.848241,21.848241
2025-02-22,3,2024-11-17,192,Random Forest,112.000000,115.683098,3.683098
2025-02-23,3,2024-11-17,192,Random Forest,151.000000,132.316301,18.683699
2025-03-01,3,2024-11-17,192,Random Forest,102.000000,114.957029,12.957029
2025-03-02,3,2024-11-17,192,Random Forest,150.000000,130.380339,19.619661
2025-03-08,3,2024-11-17,192,Random Forest,119.000000,117.817979,1.182021
2025-03-09,3,2024-11-17,192,Random Forest,147.000000,138.879072,8.120928
2025-03-15,3,2024-11-17,192,Random Forest,125.000000,117.880332,7.119668
2025-03-16,3,2024-11-17,192,Random Forest,156.000000,150.268329,5.731671
2025-03-22,3,2024-11-17,192,Random Forest,117.000000,113.867331,3.132669
2025-03-23,3,2024-11-17,192,Random Forest,170.000000,155.033619,14.966381
2025-03-29,3,2024-11-17,192,Random Forest,134.000000,126.721777,7.278223
2025-03-30,3,2024-11-17,192,Random Forest,171.000000,166.881886,4.118114
2025-04-05,3,2024-11-17,192,Random Forest,135.000000,122.755798,12.244202
2025-04-06,3,2024-11-17,192,Random Forest,169.000000,155.084785,13.915215
2025-04-12,3,2024-11-17,192,Random Forest,123.000000,130.315125,7.315125
2025-04-13,3,2024-11-17,192,Random Forest,190.000000,166.332327,23.667673
2025-04-19,3,2024-11-17,192,Random Forest,146.000000,128.682056,17.317944
2025-04-20,4,2025-04-19,235,Random Forest,174.000000,185.935643,11.935643
2025-04-26,4,2025-04-19,235,Random Forest,121.000000,128.148883,7.148883
2025-04-27,4,2025-04-19,235,Random Forest,190.000000,183.584951,6.415049
2025-05-03,4,2025-04-19,235,Random Forest,132.000000,126.123734,5.876266
2025-05-04,4,2025-04-19,235,Random Forest,156.000000,159.460213,3.460213
2025-05-10,4,2025-04-19,235,Random Forest,130.000000,130.912659,0.912659
2025-05-11,4,2025-04-19,235,Random Forest,156.000000,163.829934,7.829934
2025-05-17,4,2025-04-19,235,Random Forest,141.000000,138.366386,2.633614
2025-05-18,4,2025-04-19,235,Random Forest,178.000000,176.891999,1.108001
2025-05-24,4,2025-04-19,235,Random Forest,130.000000,133.027487,3.027487
2025-05-25,4,2025-04-19,235,Random Forest,192.000000,182.633158,9.366842
2025-05-31,4,2025-04-19,235,Random Forest,116.000000,132.108981,16.108981
2025-06-01,4,2025-04-19,235,Random Forest,176.000000,165.220247,10.779753
2025-06-07,4,2025-04-19,235,Random Forest,93.000000,124.786453,31.786453
2025-06-08,4,2025-04-19,235,Random Forest,190.000000,159.951168,30.048832
2025-06-14,4,2025-04-19,235,Random Forest,139.000000,130.154633,8.845367
2025-06-15,4,2025-04-19,235,Random Forest,186.000000,168.444140,17.555860
2025-06-21,4,2025-04-19,235,Random Forest,125.000000,130.871548,5.871548
2025-06-22,4,2025-04-19,235,Random Forest,190.000000,193.412555,3.412555
2025-06-28,4,2025-04-19,235,Random Forest,140.000000,130.693333,9.306667
2025-06-29,4,2025-04-19,235,Random Forest,177.000000,191.077362,14.077362
2025-07-05,4,2025-04-19,235,Random Forest,145.000000,131.842408,13.157592
2025-07-06,4,2025-04-19,235,Random Forest,182.000000,159.246554,22.753446
2025-07-12,4,2025-04-19,235,Random Forest,118.000000,135.481977,17.481977
2025-07-13,4,2025-04-19,235,Random Forest,172.000000,184.618866,12.618866
2025-07-19,4,2025-04-19,235,Random Forest,159.000000,131.255845,27.744155
2025-07-20,4,2025-04-19,235,Random Forest,192.000000,187.259917,4.740083
2025-07-26,4,2025-04-19,235,Random Forest,123.000000,117.998608,5.001392
2025-07-27,4,2025-04-19,235,Random Forest,215.000000,193.237553,21.762447
2025-08-02,4,2025-04-19,235,Random Forest,134.000000,127.204446,6.795554
2025-08-03,4,2025-04-19,235,Random Forest,186.000000,169.283258,16.716742
2025-08-09,4,2025-04-19,235,Random Forest,135.000000,131.151915,3.848085
2025-08-10,4,2025-04-19,235,Random Forest,190.000000,167.885437,22.114563
2025-08-16,4,2025-04-19,235,Random Forest,141.000000,134.598094,6.401906
2025-08-17,4,2025-04-19,235,Random Forest,172.000000,185.407789,13.407789
2025-08-23,4,2025-04-19,235,Random Forest,139.000000,134.618776,4.381224
2025-08-24,4,2025-04-19,235,Random Forest,200.000000,192.995332,7.004668
2025-08-30,4,2025-04-19,235,Random Forest,130.000000,134.404585,4.404585
2025-08-31,4,2025-04-19,235,Random Forest,194.000000,187.501425,6.498575
2025-09-06,4,2025-04-19,235,Random Forest,122.000000,133.942855,11.942855
2025-09-07,4,2025-04-19,235,Random Forest,178.000000,157.751528,20.248472
2025-09-13,4,2025-04-19,235,Random Forest,117.000000,129.312221,12.312221
2025-09-14,4,2025-04-19,235,Random Forest,184.000000,169.426693,14.573307
2025-09-20,5,2025-09-14,278,Random Forest,155.000000,127.661450,27.338550
2025-09-21,5,2025-09-14,278,Random Forest,197.000000,189.331180,7.668820
2025-09-27,5,2025-09-14,278,Random Forest,139.000000,125.196971,13.803029
2025-09-28,5,2025-09-14,278,Random Forest,222.000000,198.936250,23.063750
2025-10-04,5,2025-09-14,278,Random Forest,124.000000,130.808373,6.808373
2025-10-05,5,2025-09-14,278,Random Forest,189.000000,170.395282,18.604718
2025-10-11,5,2025-09-14,278,Random Forest,137.000000,129.560519,7.439481
2025-10-12,5,2025-09-14,278,Random Forest,189.000000,179.026654,9.973346
2025-10-18,5,2025-09-14,278,Random Forest,165.000000,134.384924,30.615076
2025-10-19,5,2025-09-14,278,Random Forest,194.000000,183.641185,10.358815
2025-10-25,5,2025-09-14,278,Random Forest,128.000000,122.501186,5.498814
2025-10-26,5,2025-09-14,278,Random Forest,220.000000,195.934523,24.065477
2025-11-01,5,2025-09-14,278,Random Forest,118.000000,130.829559,12.829559
2025-11-02,5,2025-09-14,278,Random Forest,192.000000,167.235502,24.764498
2025-11-08,5,2025-09-14,278,Random Forest,123.000000,123.781538,0.781538
2025-11-09,5,2025-09-14,278,Random Forest,195.000000,178.887394,16.112606
2025-11-15,5,2025-09-14,278,Random Forest,119.000000,130.114179,11.114179
2025-11-16,5,2025-09-14,278,Random Forest,189.000000,182.466080,6.533920
2025-11-22,5,2025-09-14,278,Random Forest,99.000000,125.981201,26.981201
2025-11-23,5,2025-09-14,278,Random Forest,148.000000,176.018998,28.018998
2025-11-29,5,2025-09-14,278,Random Forest,99.000000,121.544401,22.544401
2025-11-30,5,2025-09-14,278,Random Forest,135.000000,166.601971,31.601971
2025-12-06,5,2025-09-14,278,Random Forest,101.000000,120.775708,19.775708
2025-12-07,5,2025-09-14,278,Random Forest,151.000000,133.982825,17.017175
2025-12-13,5,2025-09-14,278,Random Forest,93.000000,125.317422,32.317422
2025-12-14,5,2025-09-14,278,Random Forest,121.000000,151.933437,30.933437
2025-12-20,5,2025-09-14,278,Random Forest,113.000000,128.214287,15.214287
2025-12-21,5,2025-09-14,278,Random Forest,178.000000,137.096885,40.903115
2025-12-27,5,2025-09-14,278,Random Forest,88.000000,126.654778,38.654778
2025-12-28,5,2025-09-14,278,Random Forest,177.000000,154.017622,22.982378
2026-01-03,5,2025-09-14,278,Random Forest,109.000000,113.894890,4.894890
2026-01-04,5,2025-09-14,278,Random Forest,142.000000,133.380511,8.619489
2026-01-10,5,2025-09-14,278,Random Forest,100.000000,115.966959,15.966959
2026-01-11,5,2025-09-14,278,Random Forest,158.000000,146.402328,11.597672
2026-01-17,5,2025-09-14,278,Random Forest,67.000000,117.349504,50.349504
2026-01-18,5,2025-09-14,278,Random Forest,106.000000,161.091964,55.091964
2026-01-24,5,2025-09-14,278,Random Forest,100.000000,118.620983,18.620983
2026-01-31,5,2025-09-14,278,Random Forest,73.000000,117.984555,44.984555
2026-02-01,5,2025-09-14,278,Random Forest,142.000000,124.523764,17.476236
2026-02-07,5,2025-09-14,278,Random Forest,85.000000,114.289983,29.289983
2026-02-08,5,2025-09-14,278,Random Forest,153.000000,129.188013,23.811987
2026-02-14,5,2025-09-14,278,Random Forest,100.000000,117.395892,17.395892
2026-02-15,5,2025-09-14,278,Random Forest,111.000000,133.940780,22.940780
2024-01-20,1,2024-01-14,104,Ridge Regression,134.000000,127.357114,6.642886
2024-01-21,1,2024-01-14,104,Ridge Regression,139.000000,150.843258,11.843258
2024-01-27,1,2024-01-14,104,Ridge Regression,122.000000,128.961883,6.961883
2024-01-28,1,2024-01-14,104,Ridge Regression,142.000000,163.198567,21.198567
2024-02-03,1,2024-01-14,104,Ridge Regression,98.000000,111.038028,13.038028
2024-02-04,1,2024-01-14,104,Ridge Regression,125.000000,145.350220,20.350220
2024-02-10,1,2024-01-14,104,Ridge Regression,145.000000,120.495021,24.504979
2024-02-11,1,2024-01-14,104,Ridge Regression,141.000000,151.520556,10.520556
2024-02-17,1,2024-01-14,104,Ridge Regression,118.000000,124.496066,6.496066
2024-02-18,1,2024-01-14,104,Ridge Regression,148.000000,157.785994,9.785994
2024-02-24,1,2024-01-14,104,Ridge Regression,112.000000,133.573150,21.573150
2024-02-25,1,2024-01-14,104,Ridge Regression,160.000000,162.302208,2.302208
2024-03-02,1,2024-01-14,104,Ridge Regression,112.000000,115.719962,3.719962
2024-03-03,1,2024-01-14,104,Ridge Regression,140.000000,151.997766,11.997766
2024-03-09,1,2024-01-14,104,Ridge Regression,109.000000,130.713659,21.713659
2024-03-10,1,2024-01-14,104,Ridge Regression,139.000000,164.930446,25.930446
2024-03-16,1,2024-01-14,104,Ridge Regression,138.000000,132.731237,5.268763
2024-03-17,1,2024-01-14,104,Ridge Regression,157.000000,162.837790,5.837790
2024-03-23,1,2024-01-14,104,Ridge Regression,75.000000,133.466813,58.466813
2024-03-24,1,2024-01-14,104,Ridge Regression,175.000000,178.170139,3.170139
2024-03-30,1,2024-01-14,104,Ridge Regression,150.000000,143.393200,6.606800
2024-03-31,1,2024-01-14,104,Ridge Regression,168.000000,167.574400,0.425600
2024-04-06,1,2024-01-14,104,Ridge Regression,113.000000,126.958388,13.958388
2024-04-07,1,2024-01-14,104,Ridge Regression,151.000000,164.966452,13.966452
2024-04-13,1,2024-01-14,104,Ridge Regression,132.000000,136.763354,4.763354
2024-04-14,1,2024-01-14,104,Ridge Regression,171.000000,167.403760,3.596240
2024-04-20,1,2024-01-14,104,Ridge Regression,151.000000,140.460775,10.539225
2024-04-21,1,2024-01-14,104,Ridge Regression,190.000000,172.725088,17.274912
2024-04-27,1,2024-01-14,104,Ridge Regression,112.000000,140.372641,28.372641
2024-04-28,1,2024-01-14,104,Ridge Regression,180.000000,180.019260,0.019260
2024-05-04,1,2024-01-14,104,Ridge Regression,115.000000,138.622440,23.622440
2024-05-05,1,2024-01-14,104,Ridge Regression,134.000000,175.836034,41.836034
2024-05-11,1,2024-01-14,104,Ridge Regression,136.000000,149.524508,13.524508
2024-05-12,1,2024-01-14,104,Ridge Regression,147.000000,183.318051,36.318051
2024-05-18,1,2024-01-14,104,Ridge Regression,150.000000,156.510282,6.510282
2024-05-19,1,2024-01-14,104,Ridge Regression,180.000000,190.273586,10.273586
2024-05-25,1,2024-01-14,104,Ridge Regression,110.000000,155.546286,45.546286
2024-05-26,1,2024-01-14,104,Ridge Regression,173.000000,195.003033,22.003033
2024-06-01,1,2024-01-14,104,Ridge Regression,135.000000,148.717875,13.717875
2024-06-02,1,2024-01-14,104,Ridge Regression,145.000000,178.704248,33.704248
2024-06-08,1,2024-01-14,104,Ridge Regression,131.000000,159.302984,28.302984
2024-06-09,1,2024-01-14,104,Ridge Regression,146.000000,187.633006,41.633006
2024-06-15,1,2024-01-14,104,Ridge Regression,121.000000,167.509043,46.509043
2024-06-16,1,2024-01-14,104,Ridge Regression,154.000000,201.378641,47.378641
2024-06-22,2,2024-06-16,148,Ridge Regression,98.000000,144.953740,46.953740
2024-06-23,2,2024-06-16,148,Ridge Regression,170.000000,180.474731,10.474731
2024-06-29,2,2024-06-16,148,Ridge Regression,137.000000,152.102449,15.102449
2024-06-30,2,2024-06-16,148,Ridge Regression,160.000000,185.191120,25.191120
2024-07-06,2,2024-06-16,148,Ridge Regression,123.000000,131.716302,8.716302
2024-07-07,2,2024-06-16,148,Ridge Regression,161.000000,167.111748,6.111748
2024-07-13,2,2024-06-16,148,Ridge Regression,138.000000,138.370743,0.370743
2024-07-14,2,2024-06-16,148,Ridge Regression,152.000000,169.836088,17.836088
2024-07-20,2,2024-06-16,148,Ridge Regression,132.000000,145.369794,13.369794
2024-07-21,2,2024-06-16,148,Ridge Regression,161.000000,174.638478,13.638478
2024-07-27,2,2024-06-16,148,Ridge Regression,137.000000,146.261443,9.261443
2024-07-28,2,2024-06-16,148,Ridge Regression,176.000000,178.364014,2.364014
2024-08-03,2,2024-06-16,148,Ridge Regression,130.000000,129.285522,0.714478
2024-08-04,2,2024-06-16,148,Ridge Regression,154.000000,165.083147,11.083147
2024-08-10,2,2024-06-16,148,Ridge Regression,140.000000,139.332311,0.667689
2024-08-11,2,2024-06-16,148,Ridge Regression,169.000000,168.473127,0.526873
2024-08-17,2,2024-06-16,148,Ridge Regression,160.000000,140.374493,19.625507
2024-08-18,2,2024-06-16,148,Ridge Regression,162.000000,172.171081,10.171081
2024-08-24,2,2024-06-16,148,Ridge Regression,141.000000,146.223336,5.223336
2024-08-25,2,2024-06-16,148,Ridge Regression,199.000000,181.861543,17.138457
2024-08-31,2,2024-06-16,148,Ridge Regression,142.000000,151.933158,9.933158
2024-09-01,2,2024-06-16,148,Ridge Regression,150.000000,160.541687,10.541687
2024-09-07,2,2024-06-16,148,Ridge Regression,150.000000,134.935520,15.064480
2024-09-08,2,2024-06-16,148,Ridge Regression,184.000000,162.207146,21.792854
2024-09-14,2,2024-06-16,148,Ridge Regression,154.000000,135.847833,18.152167
2024-09-15,2,2024-06-16,148,Ridge Regression,173.000000,171.208509,1.791491
2024-09-21,2,2024-06-16,148,Ridge Regression,135.000000,143.791790,8.791790
2024-09-22,2,2024-06-16,148,Ridge Regression,190.000000,178.335776,11.664224
2024-09-28,2,2024-06-16,148,Ridge Regression,135.000000,151.304632,16.304632
2024-09-29,2,2024-06-16,148,Ridge Regression,212.000000,181.688095,30.311905
2024-10-05,2,2024-06-16,148,Ridge Regression,151.000000,127.426256,23.573744
2024-10-06,2,2024-06-16,148,Ridge Regression,171.000000,158.896567,12.103433
2024-10-12,2,2024-06-16,148,Ridge Regression,145.000000,140.786319,4.213681
2024-10-13,2,2024-06-16,148,Ridge Regression,176.000000,167.041893,8.958107
2024-10-19,2,2024-06-16,148,Ridge Regression,137.000000,139.408674,2.408674
2024-10-20,2,2024-06-16,148,Ridge Regression,191.000000,169.473647,21.526353
2024-10-26,2,2024-06-16,148,Ridge Regression,148.000000,151.589377,3.589377
2024-10-27,2,2024-06-16,148,Ridge Regression,205.000000,176.132089,28.867911
2024-11-02,2,2024-06-16,148,Ridge Regression,128.000000,120.268161,7.731839
2024-11-03,2,2024-06-16,148,Ridge Regression,183.000000,158.782837,24.217163
2024-11-09,2,2024-06-16,148,Ridge Regression,134.000000,129.477014,4.522986
2024-11-10,2,2024-06-16,148,Ridge Regression,179.000000,161.730059,17.269941
2024-11-16,2,2024-06-16,148,Ridge Regression,147.000000,128.404447,18.595553
2024-11-17,2,2024-06-16,148,Ridge Regression,183.000000,165.441132,17.558868
2024-11-23,3,2024-11-17,192,Ridge Regression,125.000000,137.829005,12.829005
2024-11-24,3,2024-11-17,192,Ridge Regression,200.000000,181.886282,18.113718
2024-11-30,3,2024-11-17,192,Ridge Regression,122.000000,145.995941,23.995941
2024-12-01,3,2024-11-17,192,Ridge Regression,168.000000,162.094285,5.905715
2024-12-07,3,2024-11-17,192,Ridge Regression,122.000000,132.819746,10.819746
2024-12-08,3,2024-11-17,192,Ridge Regression,166.000000,165.433785,0.566215
2024-12-14,3,2024-11-17,192,Ridge Regression,138.000000,133.021958,4.978042
2024-12-15,3,2024-11-17,192,Ridge Regression,203.000000,170.920026,32.079974
2024-12-21,3,2024-11-17,192,Ridge Regression,123.000000,137.337681,14.337681
2024-12-22,3,2024-11-17,192,Ridge Regression,195.000000,177.993505,17.006495
2024-12-28,3,2024-11-17,192,Ridge Regression,135.000000,145.805037,10.805037
2024-12-29,3,2024-11-17,192,Ridge Regression,186.000000,181.776703,4.223297
2025-01-04,3,2024-11-17,192,Ridge Regression,126.000000,122.436335,3.563665
2025-01-05,3,2024-11-17,192,Ridge Regression,168.000000,152.488033,15.511967
2025-01-11,3,2024-11-17,192,Ridge Regression,122.000000,127.734160,5.734160
2025-01-12,3,2024-11-17,192,Ridge Regression,166.000000,156.330054,9.669946
2025-01-18,3,2024-11-17,192,Ridge Regression,112.000000,132.099952,20.099952
2025-01-19,3,2024-11-17,192,Ridge Regression,161.000000,160.353405,0.646595
2025-01-25,3,2024-11-17,192,Ridge Regression,90.000000,138.359927,48.359927
2025-01-26,3,2024-11-17,192,Ridge Regression,175.000000,165.840024,9.159976
2025-02-01,3,2024-11-17,192,Ridge Regression,120.000000,110.758892,9.241108
2025-02-02,3,2024-11-17,192,Ridge Regression,133.000000,148.617481,15.617481
2025-02-08,3,2024-11-17,192,Ridge Regression,107.000000,119.489528,12.489528
2025-02-09,3,2024-11-17,192,Ridge Regression,122.000000,151.280883,29.280883
2025-02-15,3,2024-11-17,192,Ridge Regression,118.000000,115.714453,2.285547
2025-02-16,3,2024-11-17,192,Ridge Regression,115.000000,150.855871,35.855871
2025-02-22,3,2024-11-17,192,Ridge Regression,112.000000,117.070653,5.070653
2025-02-23,3,2024-11-17,192,Ridge Regression,151.000000,152.520329,1.520329
2025-03-01,3,2024-11-17,192,Ridge Regression,102.000000,113.347698,11.347698
2025-03-02,3,2024-11-17,192,Ridge Regression,150.000000,147.131059,2.868941
2025-03-08,3,2024-11-17,192,Ridge Regression,119.000000,120.008081,1.008081
2025-03-09,3,2024-11-17,192,Ridge Regression,147.000000,148.550171,1.550171
2025-03-15,3,2024-11-17,192,Ridge Regression,125.000000,124.493156,0.506844
2025-03-16,3,2024-11-17,192,Ridge Regression,156.000000,155.425786,0.574214
2025-03-22,3,2024-11-17,192,Ridge Regression,117.000000,129.003429,12.003429
2025-03-23,3,2024-11-17,192,Ridge Regression,170.000000,163.475564,6.524436
2025-03-29,3,2024-11-17,192,Ridge Regression,134.000000,139.380668,5.380668
2025-03-30,3,2024-11-17,192,Ridge Regression,171.000000,170.809373,0.190627
2025-04-05,3,2024-11-17,192,Ridge Regression,135.000000,119.795268,15.204732
2025-04-06,3,2024-11-17,192,Ridge Regression,169.000000,155.740695,13.259305
2025-04-12,3,2024-11-17,192,Ridge Regression,123.000000,126.332206,3.332206
2025-04-13,3,2024-11-17,192,Ridge Regression,190.000000,164.520735,25.479265
2025-04-19,3,2024-11-17,192,Ridge Regression,146.000000,130.521915,15.478085
2025-04-20,4,2025-04-19,235,Ridge Regression,174.000000,171.658166,2.341834
2025-04-26,4,2025-04-19,235,Ridge Regression,121.000000,139.509380,18.509380
2025-04-27,4,2025-04-19,235,Ridge Regression,190.000000,178.124740,11.875260
2025-05-03,4,2025-04-19,235,Ridge Regression,132.000000,129.418080,2.581920
2025-05-04,4,2025-04-19,235,Ridge Regression,156.000000,170.446096,14.446096
2025-05-10,4,2025-04-19,235,Ridge Regression,130.000000,135.840954,5.840954
2025-05-11,4,2025-04-19,235,Ridge Regression,156.000000,169.091861,13.091861
2025-05-17,4,2025-04-19,235,Ridge Regression,141.000000,140.049802,0.950198
2025-05-18,4,2025-04-19,235,Ridge Regression,178.000000,174.747881,3.252119
2025-05-24,4,2025-04-19,235,Ridge Regression,130.000000,140.535799,10.535799
2025-05-25,4,2025-04-19,235,Ridge Regression,192.000000,179.707573,12.292427
2025-05-31,4,2025-04-19,235,Ridge Regression,116.000000,150.770852,34.770852
2025-06-01,4,2025-04-19,235,Ridge Regression,176.000000,174.347583,1.652417
2025-06-07,4,2025-04-19,235,Ridge Regression,93.000000,138.263612,45.263612
2025-06-08,4,2025-04-19,235,Ridge Regression,190.000000,181.241279,8.758721
2025-06-14,4,2025-04-19,235,Ridge Regression,139.000000,136.716838,2.283162
2025-06-15,4,2025-04-19,235,Ridge Regression,186.000000,181.898788,4.101212
2025-06-21,4,2025-04-19,235,Ridge Regression,125.000000,145.575532,20.575532
2025-06-22,4,2025-04-19,235,Ridge Regression,190.000000,189.338828,0.661172
2025-06-28,4,2025-04-19,235,Ridge Regression,140.000000,149.040040,9.040040
2025-06-29,4,2025-04-19,235,Ridge Regression,177.000000,190.336953,13.336953
2025-07-05,4,2025-04-19,235,Ridge Regression,145.000000,138.195027,6.804973
2025-07-06,4,2025-04-19,235,Ridge Regression,182.000000,169.750867,12.249133
2025-07-12,4,2025-04-19,235,Ridge Regression,118.000000,145.224406,27.224406
2025-07-13,4,2025-04-19,235,Ridge Regression,172.000000,184.328943,12.328943
2025-07-19,4,2025-04-19,235,Ridge Regression,159.000000,151.891414,7.108586
2025-07-20,4,2025-04-19,235,Ridge Regression,192.000000,180.698937,11.301063
2025-07-26,4,2025-04-19,235,Ridge Regression,123.000000,155.428808,32.428808
2025-07-27,4,2025-04-19,235,Ridge Regression,215.000000,195.241056,19.758944
2025-08-02,4,2025-04-19,235,Ridge Regression,134.000000,127.663655,6.336345
2025-08-03,4,2025-04-19,235,Ridge Regression,186.000000,179.713347,6.286653
2025-08-09,4,2025-04-19,235,Ridge Regression,135.000000,142.168762,7.168762
2025-08-10,4,2025-04-19,235,Ridge Regression,190.000000,179.763251,10.236749
2025-08-16,4,2025-04-19,235,Ridge Regression,141.000000,143.687969,2.687969
2025-08-17,4,2025-04-19,235,Ridge Regression,172.000000,189.746952,17.746952
2025-08-23,4,2025-04-19,235,Ridge Regression,139.000000,147.489578,8.489578
2025-08-24,4,2025-04-19,235,Ridge Regression,200.000000,187.198479,12.801521
2025-08-30,4,2025-04-19,235,Ridge Regression,130.000000,151.775495,21.775495
2025-08-31,4,2025-04-19,235,Ridge Regression,194.000000,194.058852,0.058852
2025-09-06,4,2025-04-19,235,Ridge Regression,122.000000,141.133690,19.133690
2025-09-07,4,2025-04-19,235,Ridge Regression,178.000000,177.919425,0.080575
2025-09-13,4,2025-04-19,235,Ridge Regression,117.000000,144.583598,27.583598
2025-09-14,4,2025-04-19,235,Ridge Regression,184.000000,181.341806,2.658194
2025-09-20,5,2025-09-14,278,Ridge Regression,155.000000,142.981604,12.018396
2025-09-21,5,2025-09-14,278,Ridge Regression,197.000000,182.721923,14.278077
2025-09-27,5,2025-09-14,278,Ridge Regression,139.000000,146.862910,7.862910
2025-09-28,5,2025-09-14,278,Ridge Regression,222.000000,191.980174,30.019826
2025-10-04,5,2025-09-14,278,Ridge Regression,124.000000,129.265926,5.265926
2025-10-05,5,2025-09-14,278,Ridge Regression,189.000000,178.794970,10.205030
2025-10-11,5,2025-09-14,278,Ridge Regression,137.000000,139.837583,2.837583
2025-10-12,5,2025-09-14,278,Ridge Regression,189.000000,177.781889,11.218111
2025-10-18,5,2025-09-14,278,Ridge Regression,165.000000,142.887364,22.112636
2025-10-19,5,2025-09-14,278,Ridge Regression,194.000000,184.481034,9.518966
2025-10-25,5,2025-09-14,278,Ridge Regression,128.000000,145.484404,17.484404
2025-10-26,5,2025-09-14,278,Ridge Regression,220.000000,192.790967,27.209033
2025-11-01,5,2025-09-14,278,Ridge Regression,118.000000,127.535271,9.535271
2025-11-02,5,2025-09-14,278,Ridge Regression,192.000000,176.387545,15.612455
2025-11-08,5,2025-09-14,278,Ridge Regression,123.000000,138.204319,15.204319
2025-11-09,5,2025-09-14,278,Ridge Regression,195.000000,178.668844,16.331156
2025-11-15,5,2025-09-14,278,Ridge Regression,119.000000,142.013342,23.013342
2025-11-16,5,2025-09-14,278,Ridge Regression,189.000000,186.414760,2.585240
2025-11-22,5,2025-09-14,278,Ridge Regression,99.000000,142.371689,43.371689
2025-11-23,5,2025-09-14,278,Ridge Regression,148.000000,188.035327,40.035327
2025-11-29,5,2025-09-14,278,Ridge Regression,99.000000,147.162765,48.162765
2025-11-30,5,2025-09-14,278,Ridge Regression,135.000000,182.880865,47.880865
2025-12-06,5,2025-09-14,278,Ridge Regression,101.000000,124.143895,23.143895
2025-12-07,5,2025-09-14,278,Ridge Regression,151.000000,160.342235,9.342235
2025-12-13,5,2025-09-14,278,Ridge Regression,93.000000,126.029407,33.029407
2025-12-14,5,2025-09-14,278,Ridge Regression,121.000000,166.740208,45.740208
2025-12-20,5,2025-09-14,278,Ridge Regression,113.000000,134.457894,21.457894
2025-12-21,5,2025-09-14,278,Ridge Regression,178.000000,164.030057,13.969943
2025-12-27,5,2025-09-14,278,Ridge Regression,88.000000,129.492504,41.492504
2025-12-28,5,2025-09-14,278,Ridge Regression,177.000000,175.928582,1.071418
2026-01-03,5,2025-09-14,278,Ridge Regression,109.000000,106.456880,2.543120
2026-01-04,5,2025-09-14,278,Ridge Regression,142.000000,145.790644,3.790644
2026-01-10,5,2025-09-14,278,Ridge Regression,100.000000,112.725826,12.725826
2026-01-11,5,2025-09-14,278,Ridge Regression,158.000000,149.794890,8.205110
2026-01-17,5,2025-09-14,278,Ridge Regression,67.000000,114.019381,47.019381
2026-01-18,5,2025-09-14,278,Ridge Regression,106.000000,159.934643,53.934643
2026-01-24,5,2025-09-14,278,Ridge Regression,100.000000,118.500939,18.500939
2026-01-31,5,2025-09-14,278,Ridge Regression,73.000000,117.474964,44.474964
2026-02-01,5,2025-09-14,278,Ridge Regression,142.000000,145.152684,3.152684
2026-02-07,5,2025-09-14,278,Ridge Regression,85.000000,101.374574,16.374574
2026-02-08,5,2025-09-14,278,Ridge Regression,153.000000,145.362701,7.637299
2026-02-14,5,2025-09-14,278,Ridge Regression,100.000000,109.513688,9.513688
2026-02-15,5,2025-09-14,278,Ridge Regression,111.000000,147.473688,36.473688
