{
  "overall": {
    "MAE": 13.496390273620381,
    "RMSE": 17.1078202088179,
    "MAPE": 0.0979146052290274,
    "Bias": -2.962856841087935,
    "P90AbsError": 28.12375846862807,
    "BacktestRows": 288
  },
  "sat": {
    "MAE": 12.361906221008127,
    "RMSE": 16.121736903898057,
    "MAPE": 0.10536584381651087,
    "Bias": 0.24398836576044922,
    "P90AbsError": 26.66776765873018,
    "BacktestRows": 145
  },
  "sun": {
    "MAE": 14.646741236059379,
    "RMSE": 18.052781089784208,
    "MAPE": 0.09035915351444622,
    "Bias": -6.214553029850282,
    "P90AbsError": 28.23612248221224,
    "BacktestRows": 143
  }
}