{
  "overall": {
    "MAE": 13.457748069808993,
    "RMSE": 17.068208266971535,
    "MAPE": 0.09766068118362381,
    "Bias": -2.917213009083623,
    "P90AbsError": 28.112091801961412,
    "BacktestRows": 288
  },
  "sat": {
    "MAE": 12.307468668333673,
    "RMSE": 16.054366786155146,
    "MAPE": 0.10499746947458441,
    "Bias": 0.3185495957126631,
    "P90AbsError": 26.66776765873018,
    "BacktestRows": 145
  },
  "sun": {
    "MAE": 14.624115295081163,
    "RMSE": 18.03813845405592,
    "MAPE": 0.09022128046901343,
    "Bias": -6.198231034926012,
    "P90AbsError": 28.18752248221223,
    "BacktestRows": 143
  }
}
