{
  "overall": {
    "MAE": 13.234527059400826,
    "RMSE": 16.65394997756474,
    "MAPE": 0.09644684351920509,
    "Bias": -2.6268897032897653,
    "P90AbsError": 27.328940873015945,
    "BacktestRows": 287
  },
  "sat": {
    "MAE": 12.551906600039123,
    "RMSE": 16.300113697123713,
    "MAPE": 0.10662494532581811,
    "Bias": -0.20624192924751167,
    "P90AbsError": 27.410314200856753,
    "BacktestRows": 145
  },
  "sun": {
    "MAE": 13.931569077763127,
    "RMSE": 17.00766704908766,
    "MAPE": 0.08605371139273406,
    "Bias": -5.098677923262488,
    "P90AbsError": 26.751253503522612,
    "BacktestRows": 142
  }
}